backend/internal/httpapi/server.go	4aa5be2c8021dafd3f94e0fc8cf3a0bb3283e9b4235eb8b98b2178fedb12602f	API inventory
backend/internal/httpapi/middleware.go	e587a516c0580c487965b3ab885c031d5be462629bbc69d78c4fde2e218c1bda	auth state
backend/internal/httpapi/auth_cache.go	fb922e1f57a1b407c1695ffc06a768bfbccb4cc193e3ccd568526880700865d2	auth/RBAC cache
backend/internal/httpapi/permission_rules.go	a224b88ec1b12c90ee6382d04d6a1adb988bc56157271ae3aa5cbc65bf958a45	project access
backend/internal/httpapi/project_editor_application_handlers.go	9c8d2caa8278e385af7a815940a7b5b281056defd218fdf7d6807d423daf893b	LEGACY-001, PERF-001
backend/internal/httpapi/creator_handlers.go	acab761a72e5dd0b0438d234a02fa220b9c9251e6009779a11c96d843ff7e17f	LEGACY-001
backend/internal/httpapi/review_lock_handlers.go	b88cd2e16782ef48607f7900172589a2e298af94bf7fa31d254807940ddbabd2	LEGACY-001
backend/internal/httpapi/notification_worker.go	503db0da89076ebda7400e21928b81712aa35ea1b023c59c66972d3077f064d2	LEGACY-001
backend/internal/httpapi/notification_template_handlers.go	a397a721f60eb5e7f0cb86943981df897dce7b43cf2e5171393344762372ade2	ARCH-001
backend/internal/httpapi/log_share_handlers.go	952655f1cbd0dfe5e65ccbff64b62f8e59ef8eb59105086e77ad3fa21b9312c8	MAP-001
backend/internal/httpapi/markdown_handlers.go	1ddfb57eba08f9e85b08ea31ce5f173c90ad82ad6bb1c40c37dbd10dfd2350b3	SEC-001
backend/internal/httpapi/reliable_notification.go	1a810dcbb2a9d8fcbcb2a0624da54a70a7f925ed1b628277c00810b44f6ac517	outbox
backend/internal/httpapi/automation_actor.go	ed803d279ec75e9c82bf59bc12273a3d0d0994fb87d7a0daac057f7a2ea81f79	autobot
backend/internal/database/migrations.go	3df2bf61562dd9fa0ad5826e1d4a6bda2ddf8e58f6ae764ddd2904be4ef7b6e1	LEGACY-002
backend/internal/database/infrastructure_schema.go	bf61ab7a6e8e8f42a0b695e355aaf7afe5813fbdb1e84531f12066e5e020d037	LEGACY-002
backend/internal/querycache/cache.go	9fd129dc14dd4c58f2f20aa3a64bcdfc2c9385f86b449339607d348f1282f910	SEC-003
backend/internal/querycache/state.go	e14ad4967234757e194811daa50491a516c36a272d7e4851f957d7723f2fb198	cache failure
backend/internal/queue/nats.go	d256cc825a2de7708890cc5669b911a176bbd463fb6d10b91189a3ec317a3fbf	OPS-001
backend/internal/config/config.go	30d44f674cda459223c4512ac9658f5f78ef6c90475755a7e91706fd5de5fe19	runtime config
frontend/app/_lib/api.ts	2ff1dd67812396dd261a195a1a9ecd01500f7e1e93a91114d27d36a868c290a9	auth signal
frontend/app/_lib/auth.ts	43439415414dac4fdb6f67d39b7389b9a7e8a3559387050c46ead9d108514158	auth state
frontend/app/_components/markdown-renderer.tsx	0bbd5256a7a7746683fd881fe8f7ed6cd980be80ea36418b77961b1b96c9c834	Markdown security
frontend/app/_components/project-auto-update-settings.tsx	3cea42e3217f2c767dcbca5e25a07559fbf8a673df00df5ebf0f304facf6e0f3	STYLE-002
frontend/app/_components/site-affairs-pages.tsx	c64a5d9fd12acb44281091e08ef1a242acf49091add3e7f6f7920fb3df68e5ca	DEAD-001
frontend/app/_components/admin-console.tsx	bb7dfa6b68461ee716354d4893c8d4c596e84e753528ed5fbd5353935c3c9cd8	ARCH-002
backend/internal/httpapi/auth_handlers.go	3e3dead65013b11d1a0f1a1f2a131f9b3681cdf6b8c3fb15476ff1510662259c	注册、密码/邮箱验证码登录、Session签发、当前用户权限响应	无新增问题
backend/internal/httpapi/auth_rate_limit.go	a7141dad3d90229f02045b8ec7d4551e9efdfec02db96173d095140274653a98	登录、注册和验证码的多维限流策略	SEC-003
backend/internal/httpapi/auth_session.go	8fc519583da1cb606e5a4adb7b5da500753bc8d3b4ddbbbdf802464be9555a31	认证Cookie生成、清除与代理TLS判断	无新增问题
backend/internal/httpapi/auth_handlers_test.go	fa0770e5533b563676b7a59b2a98f24bcd2e60ffbd333a8c13bcb6872d78ae06	用户名和权限拒绝规则单元测试	TEST-002（认证主流程集成覆盖薄弱）
backend/internal/httpapi/auth_cache_test.go	66359f7976982759dd45da6cb0e5c7903e85514149d10a29f17dbcee9f32d09b	Session/RBAC缓存Key和认证限流维度测试	无新增问题
backend/internal/httpapi/oauth_handlers.go	7272451b25ea113eb6d2fda08d0326b5fb5ce46ad12c09d700aa633801a9bb4f	OAuth配置、状态校验、四平台协议适配和账号关联	无新增问题
backend/internal/httpapi/oauth_next_test.go	49bda42777de595b00661d649ebcf8f4d9703bbac5af46b8e3e45fab361613d4	OAuth登录后站内跳转安全测试	无新增问题
backend/internal/httpapi/auth_cache_integration_test.go	f7fe627d7cea01c8b1875d3c7813116834c3264cfccf30858b3be10f9c064023	Session、permission_version与rbac_version缓存集成测试	测试覆盖权限变化不注销Session和密码变化撤销Session；无新增问题
backend/internal/httpapi/middleware_test.go	a13bd091a260182784ee301205abcc0b925c131243a2fd07e292313de97b02d5	Cookie来源校验与可选认证失效信号测试	无新增问题
backend/internal/httpapi/permission_comparison_handlers.go	c8b5ce7da3a8ee8f4c2bde6b66d6ca1f6abfdf8621503cb569d7b1944228c24b	当前用户与角色权限规则对比API	登录用户可枚举角色权限属于产品边界，需结合前端入口后最终判定
backend/internal/httpapi/permission_defaults_handlers.go	d5a906c84befa7c415c6730e4ed15d2ad83cb342ad3751171cb5e2c8267e15a4	默认注册/封禁角色和用户安全状态管理	BUG-002；SEC-004
backend/internal/httpapi/permission_runtime_test.go	2ec7a47412e18a875deb61ba0cb87af0add2742927e6dbbd24d37cf504a4136f	权限、OSS转换、APNG与角色轨道混合单元测试	STYLE-004
backend/internal/httpapi/public_identity.go	b79226a405da70e457e86e56f44f855bc98d7280aa49c7fcdea3f38e92d68b57	公开ID解析、内部ID反查与修订ID边界转换	ARCH-003
backend/internal/httpapi/user_handlers.go	70db4909bc0ce74541361462a923ef7f4b7138d3a25838ecfbac34e7392281fc	Markdown草稿、用户OSS文件列表/额度/签名访问与删除	BUG-003；ARCH-004
backend/internal/httpapi/user_card_handlers.go	3cc9b370dfe9ba966b047e4735d209941aff42cab9274714381c4e213352b3a7	公开/私有用户卡片、在线隐私、统计聚合与缓存	需结合大数据查询计划继续验证；无新增确定问题
backend/internal/httpapi/user_card_handlers_test.go	90b5e03bb3a5bd2ef81373dcaecf3de1c4db635d27aa5627ba2f98106d7f6a37	用户卡片TTL边界测试	测试范围很窄，纳入TEST-002总体覆盖缺口
backend/internal/httpapi/profile_handlers.go	e4ce722612a7de34f0636b9dcbba4d7e0426de1ba506fb4ecb511b7fe8470a0d	公开用户资料、粉丝/关注分页、关注事务与通知设置	PERF-003
backend/internal/httpapi/owned_content_handlers.go	50cef45691c50799ae0007eb7cb200ce3e81217410de6fb70164d155ad8a56d2	用户自有内容计数与分类跳转响应	无新增问题
backend/internal/httpapi/profile_settings_handlers.go	75680d90af4c749bfc8bccb550f74e2bac2ce41c4b7618eb9a75fe3acf5578b5	用户档案设置、头像/背景文件绑定与修订发布	SEC-004（补充权限版本刷新失败证据）
backend/internal/httpapi/profile_showcase_handlers.go	8a98036ecc6c7a1d8ed5651cb6d8b4a9a5907ae2b685d7ef61848f374f11be38	公开作品陈列、认领作者、上传内容与贡献历史	PERF-002；SEC-005
backend/internal/httpapi/profile_showcase_handlers_test.go	2ab43e00ea6da9b8039f65d83388a1b7c9f8ebc82ae1951e0e44d4161e714206	贡献年份/日期范围纯函数测试	未覆盖公开可见性和项目查询计划，纳入TEST-002
backend/internal/httpapi/user_block_handlers.go	96b63ea00a097511c4228da23f6a52912e0d63a4f2b01ffe9ddc2cf9796bf902	拉黑关系、评论过滤和资源所有者评论阻止规则	与既定Mod/资料及教程/讨论边界一致；无新增问题
backend/internal/httpapi/user_block_integration_test.go	5ab2a100a1911f6fab8f308ccb7829c74fd471daa25e167503c44a9f739a67b1	拉黑、关注清理、评论可见性与发言边界集成测试	无新增问题
backend/internal/httpapi/admin_user_details.go	e0b4365180262fe79f8e1f629925184b5c0f65ee33c2be4b085e66dcaa1c0b5c	后台用户详情、角色绑定与有效权限读取	无新增问题
backend/internal/httpapi/role_track_handlers.go	3c658ec1b49ef515086fb59f507e3dc093a4d062cb1b74b6080b8ef4623adbf1	权限组线路配置与用户线路升降级	BUG-004；SEC-004（权限版本刷新）
backend/internal/httpapi/project_authorship_handlers.go	e08f857d95e096cc3301dbdfd9d48be989cae04617cab8eda494cf29c1d9396f	项目作者/团队敏感关系同步、待审核列表与审核	DB-002
backend/internal/httpapi/project_permission_model_test.go	9fb36e2cb061118f7c7e925eac9002c12162e55c92fda0635ef948643f4d1337	项目权限模型结构约束与后台手工授权保留测试	无新增问题
backend/internal/httpapi/project_role_assignment_source_test.go	6906d6a04756171504cb9adcc746defc08d1adb802a7eb75f4e7f15c360e17d3	项目创建函数禁止直接写角色绑定的AST测试	TEST-004
backend/internal/httpapi/project_review_permissions.go	d0700f2c54879d3c39419c75996d237c904fe83ac0358b1db23a38fb63a6753c	项目免审权限组合判断	无新增问题
backend/internal/httpapi/project_review_permissions_test.go	79624bd111d68e12198ee779d646a6462b316f322020b86b7540177112a7cbc7	项目免审权限组合单元测试	无新增问题
backend/internal/httpapi/creator_handlers_test.go	9968f6a193d0fda789a375cc97e37e7f0009ff2f9650237db83d636d93bb9d0f	作者名称、链接、声明与成员输入规范化测试	无新增问题
backend/internal/httpapi/creator_import_handlers.go	636809541f75b8bca2ca5f61a7b667189999f9341dd166532175b72f2e21b13b	Modrinth/CurseForge作者与团队导入、头像镜像和角色映射	SEC-006；DB-003
backend/internal/httpapi/creator_import_handlers_test.go	8cca2759f16b66140755469386426d266e73ad05d8c8064f621e376d6b453b89	导入URL、角色映射与HTML资料解析测试	TEST-005（锁定未知角色授予developer的风险规则）
backend/internal/httpapi/creator_revision_integration_test.go	e33afa9cd790af7c05a7660a2a575b0347eeaf3d0de7bdf9123c143dc6960635	作者修订、发布修订与快照创建集成测试	无新增问题
backend/internal/security/password.go	d29c0ff387a07cd6f7424aed48b9617bca7d4c024d1cb9c1c842e5a30b09aa83	Argon2id密码/验证码哈希、旧PBKDF2验证和参数上限	LEGACY-004
backend/internal/security/password_test.go	e6ad6495afded7d69dcdbee3fd182a603da3daa98b5270850b62d9c88189682b	Argon2id生成验证与恶意高资源参数拒绝测试	未覆盖PBKDF2残留和参数边界全组合；纳入TEST-002
backend/internal/security/settings.go	80fe90043505bab37c6b226f91ac944ab6ec6bca4309bdda5db2778fc03349a3	系统敏感设置AES-GCM信封加密与主密钥派生	无新增问题
backend/internal/security/settings_test.go	66903967244993c79c602e7dc04a1c442b59ff39439c1d855c7d4b98a48de5da	设置加解密往返与明文拒绝测试	无新增问题
backend/internal/security/token.go	223e16e3a9eabd6a6c29010e047096a1762f325f2d4ec753f62578c9c472f54f	HS256 Session Token签发解析、Claims校验与Bearer提取	TEST-006
backend/internal/httpapi/login_security_test.go	ca07843e9632291c69d46f35d57acf324bc19f78afa55f7c0dda21d2c42bca8f	登录假密码哈希抗用户枚举测试	无新增问题
backend/internal/httpapi/review_permissions.go	59168d027ee659c74cbf62bf3f80cd24e6dac6b658ed23f32a70d55980c802ef	全局/项目级审核权限、项目ID解析与自审限制	失败关闭；项目类型范围需结合各审核队列继续交叉验证
backend/internal/httpapi/review_permissions_test.go	ba294b8a296b06da7142c389d28ba4d42d8c31316ca0c6e8bf19f91bf9a9b2ef	审核自审阻止、队列过滤和项目权限解析测试	无新增问题
backend/internal/httpapi/review_attachment_security.go	e7cb886c18d783fe7ed4e3377f1af6781a22680e8bababc69c3df74fb7c43b67	审核附件所有权/所属关系和安全扫描状态查询	无新增问题
backend/internal/httpapi/review_attachment_security_test.go	332a415c075b8951c514a32356af40ab20952059abc77e0f5001d8d2d0832a4d	四类审核附件安全查询结构测试	SQL结构测试不能替代真实IDOR集成；纳入TEST-002
backend/internal/database/permission_version_schema_test.go	774d774e7532da961b886f4f993a0d75c6164577b455d41743905806d9d2dc88	权限版本/认证版本触发器与提交者字段Schema约束测试	无新增问题
backend/internal/database/user_block_schema.go	d7cfe6948a1b874b67de95d48cbd9e02247177afa3dc54e5fbd163b5194aa404	方向性用户拉黑关系、唯一性与反向查询索引	无新增问题
backend/internal/database/user_block_schema_test.go	15e4090c657dbf9bd8486556d5bad818a8a731faec7774498ebe77ab44f66b4e	拉黑Schema及评论热度函数变量消歧测试	无新增问题
backend/internal/database/user_feature_schema.go	2727a2ae23ef1861f72bed7567fb7610fde5321c6e53ac9d69f53a8bd49ea4eb	用户在线状态、活动Outbox、统计累计和内容创建事实Schema	BUG-005；BUG-006
backend/internal/database/user_feature_schema_test.go	3ab07b0aeb39e4c966a7ab35c90c7a9bcc784840674d2b91908cc7c7662117dc	用户功能Schema静态结构与保留语义测试	未验证触发器真实行为，未发现submitted_by失配；纳入TEST-002
backend/internal/database/user_feature_integration_test.go	6daaf5de21b40a2a0045a1aa5475edef5b1cbd763d493acaa05d7378bc2eb8b4	当前Schema关键表、在线隐私与autobot种子集成测试	仅检查对象存在，未触发统计写入；纳入TEST-002
backend/internal/userstats/reconcile.go	2a04d5fc2bfb9fa764ba11eefd6f81fb78cbb071c9cf3872b920d76b88202014	按用户批量重建内容创建事实和活动累计统计	BUG-006
backend/internal/userstats/reconcile_test.go	a262bc2533caa20648956bba6a1088a14154e5f1018e754fa3e218c13ded3f84	统计重算参数及SQL片段测试	测试名称称exact但未验证action_counts一致性；BUG-006
backend/cmd/user-statistics/main.go	1eb150739f7fbb7048eee677e70a2f34651bf8ddb53ad87b80f6405d53deabde	用户统计批量校准命令入口	无新增问题
backend/internal/httpapi/user_statistics_handlers.go	9d5a9ce544c1643891ffdf4fc00494ab689182eb97413105f5e1cd2fabe6b677	公开/私有用户统计、活跃连续天数、内容/社区/审核/经验聚合	BUG-005；BUG-006；ARCH-005
backend/internal/httpapi/user_statistics_handlers_test.go	82c535e3d66a20d0725485dc10b4f7ffde28044ac22d5a63a116fefa8e6c8be0	统计时间范围和连续活跃纯函数测试	未覆盖公开隐私、SQL聚合与错误路径；纳入TEST-002
backend/internal/httpapi/activity_middleware.go	e5f147406db624cff47780a983bb59bc73fa84822f2508caba9e25356b0f1977	请求完成后的用户操作分类、对象解析、浏览节流与可靠活动入队	ARCH-006；SEC-007
backend/internal/httpapi/activity_middleware_test.go	3c734fb3d50be713a5a3128af2a031f0eb5077ecb054fc21cde84f26982eb660	活动动作/对象推断、高频排除、注解优先级与Markdown差异测试	未覆盖持久入队失败及大文本资源上限；TEST-002
backend/internal/activity/monitor.go	21f741fd3422fa29915d63f20b32d06e0ee8d4d6afe256fa922f2c19c6d5a0c2	内存浏览事件批处理、PostgreSQL可靠活动Outbox、重试/指标与Markdown差异计算	SEC-007
backend/internal/activity/monitor_test.go	7f8718bbdddbe62751c07dff7a5c1cd2c56ec1da97c4e1f597f9f19f537d93c1	活动监控批处理、重试、关闭排空、队列满和小文本差异测试	未覆盖8MiB级差异输入；SEC-007；TEST-002
backend/internal/activity/postgres_store.go	43dee5a3b782bf88b0c04582d3afead56aaa6ebd75d02577fd39289d1a8627fd	活动Outbox入队/并发排空、批量COPY、路由解析、站点与成长投影	ARCH-006
backend/internal/activity/postgres_store_integration_test.go	55940af6220d8bd7ff23976326b3d95c705f7b4479d2c324a446c420897d12ef	多Worker可靠活动Outbox恰好一次排空与并发负载集成测试	未覆盖投影失败后的重放；ARCH-006
backend/internal/httpapi/response.go	e4e8597c3d607298d1a5417d2bfe6d6b7876be1659e972f52a5569ea69ee9a94	统一JSON成功/错误响应、后端标识头与8MiB严格JSON解码	SEC-007；响应写入错误普遍忽略但连接已开始后无法可靠改写
backend/internal/httpapi/yggdrasil_session.go	0543fa55f2a18342855b5f119e7085fb5cb333c9c72eb83108301274049ad8f5	Yggdrasil服务器join/hasJoined会话建立、IP约束和短TTL校验	BUG-007
backend/internal/httpapi/yggdrasil_settings_handlers.go	5ccb9d5f8153ded2d455d02aed951c1ac82a6b0e16c994c97e50294e663c5060	Yggdrasil后台配置校验、密钥轮换/密封持久化和运行时原子替换	无新增问题；路由权限需与server注册继续交叉核对
backend/internal/httpapi/yggdrasil_settings_handlers_test.go	91e925bac6d39a560bce72f401a2a28604f19d44bdeb36bd0a6022096cd7dcef	Yggdrasil配置反序列化、规范化和RSA密钥往返测试	未覆盖后台权限、持久化失败及密钥轮换影响；TEST-002
backend/internal/httpapi/yggdrasil_auth.go	710a3618fdaf10121ef50953db8223b61ec5a91fa28fd28b6ca9c1d8565a81a7	启动器认证、Token签发/刷新/验证/撤销、登录限流与并发凭据检查	BUG-007；未发现网站Session与启动器Token错误混用
backend/internal/httpapi/yggdrasil_service.go	6c1bd08cc69173d67ea8c09667df97ad43c9829cceebb216ea762b89d6139151	Yggdrasil路由、端点/限额/代理校验、RSA签名、Token和协议响应基础层	无新增问题；SHA-1仅协议签名兼容
backend/internal/httpapi/yggdrasil_profiles.go	7b4c1af3db25eb1f889d6344a490c8a8fd6391f5d051fa73182c9272f9f76842	启动器档案查询、签名纹理属性、授权纹理上传/删除和OSS公开读取	无新增问题；OSS对象回滚/删除生命周期待皮肤存储模块复核
backend/internal/httpapi/yggdrasil_service_test.go	994bc288c25a16240dc4e575700be1a0a07bd2b991a06b91125e3cb6ef84eb92	UUID/Token/RSA/端点/响应/元数据/纹理URL纯函数测试	缺少authenticate-refresh-join完整数据库集成及BUG-007失败路径；TEST-002
backend/internal/antiabuse/types.go	f07e2580c54066f057bcad2b058390410f94008cdd1e1abcda08beb7193b20c1	反滥用决策、策略、评估、挑战和爬虫类型契约	无新增问题
backend/internal/antiabuse/normalize.go	22960817d4783927bf71dbfc89c35edd3e82485d44e20f18f74fdd5830ba2b52	内容Unicode/URL/标记规范化、精确哈希、三元组SimHash与相似度	大文本分配风险由入口长度共同决定，继续在调用方复核
backend/internal/antiabuse/normalize_test.go	f4919bd488fb92a6c122ead8b5f737c6f2fed7926376b41f6c9ac3440016b168	规范化追踪参数与近似相似度测试	未覆盖超长/畸形Markdown和资源上限；TEST-002
backend/internal/antiabuse/crawler.go	499f7857f04a53acb8a4e75d86f6a61bf8bf7795b90834e6f6829d60403bc8b2	机器人规则、搜索引擎双向DNS认证、分类限流与事件记录	ARCH-007；规则读取行错误/缓存加载失败会部分或完全失去自定义封禁
backend/internal/antiabuse/crawler_test.go	d90cb1061a174703fe9b190051582e8ab933ee502657b0043ba3409ec1ae5820	搜索爬虫双向DNS、防伪后缀和未知爬虫预算测试	未覆盖规则数据库错误及全局DNS缓存跨分类语义；TEST-002
backend/internal/antiabuse/challenge.go	dc0a7bd8011c56f45ca8eda2134a43ff4eef9020cfac051ce1569497f2d1d22f	表单Token、一次性人机挑战、算术证明与Turnstile验证	BUG-008
backend/internal/antiabuse/challenge_integration_test.go	d77858378993f4ff107ae3db7fc4ca67b69df580a7ba2d5de1f4dbe33cdc965d	表单/挑战绑定、单次消费、并发消费和Turnstile故障降级集成	未注入proof metadata写入失败；BUG-008
backend/internal/antiabuse/service.go	451982bd10d7139c9029b76eb166f6f3b72a94a9338de656619eb1b4ad0471a2	风险评分、限流、重复内容、账号限制、事件/指纹持久化与设置	SEC-008；ARCH-007
backend/internal/antiabuse/service_test.go	fb8dce81f92a43646bd35c5714cda6f0cca84c846e4a5df4a624224b28cdd75b	阈值、信任、权限限流倍率、限制分类和缓存失效测试	未覆盖多条并存限制与持久化失败；SEC-008；ARCH-007
backend/internal/antiabuse/query_plan_integration_test.go	c1d75c66de47b268409d691b83961a09c75d110e4a6470badf00360df37b43c1	反滥用三类查询EXPLAIN输出集成	只断言计划非空，不验证索引/成本/大数据；TEST-007
backend/internal/database/anti_abuse_schema.go	dc5af2ecc212173f34c9838e4da6eacee2b6690f05d3857a7b41f0554bb0246d	反滥用状态、限制、挑战、事件、指纹、机器人规则和日汇总Schema	SEC-008；允许同账号多条有效限制但读取层只选一条
backend/internal/database/anti_abuse_schema_test.go	815cd193825a80935405aa7bb24afc4b29837e9e0797c0f62538358de6a0c8ba	反滥用表/索引存在性与敏感字段排除静态测试	未验证多限制语义、触发器或约束行为；TEST-002
backend/internal/httpapi/anti_abuse_middleware.go	c2a3db570d1eeba0f8f9a4d1ab84b4df85f16251dfcab69cd3516b19e71cf789	受保护变更的封禁门、动作分类、请求内容抽取、风险决策与成功记录	PERF-004；服务错误统一软放行需结合入口风险继续复核
backend/internal/httpapi/anti_abuse_middleware_test.go	92863f2e5a98ec5612a3e6a2bea91aa22eaa69f7d37c4a3d98e21c1e3cb2f269	动作/RateScope/变量限流权限/封禁标记和请求体恢复测试	未覆盖成功高并发、DB阻塞和软放行；PERF-004；TEST-002
backend/internal/httpapi/anti_abuse_handlers.go	b0652622e90ab7a9cd48b796e2b567adc8e35e17fb7e8843417e6dc2452157d8	表单Token、反滥用后台配置/总览/事件/用户状态/限制/机器人规则接口	ARCH-007；MAP-002；列表分页和读取错误处理不完整
backend/internal/httpapi/activity_ingestion_handlers.go	36b180f51fc3df26d6180a6d211d8564bb26c41445fd7cbc97020b511ff57df0	活动摄取内存/Outbox/连接池健康快照接口	无新增问题；路由权限待server注册交叉核对
backend/internal/httpapi/activity_retention_handlers.go	98accc38a9ac6e9851d475251db329be84144bae477685292692ac7b57fc16f2	活动保留策略、强确认预览、分批手动删除和单实例自动清理Worker	MAP-003；PERF-005；ARCH-008
backend/internal/httpapi/activity_retention_handlers_test.go	521837b3e6bf500a04dc75a4c4aa065c5c247ccc494f2508f09ecab60f7c694b	保留配置、参数化删除条件、UTC边界、确认Token和枚举拼写测试	仅抽查一个action ID，未覆盖百万级预览、部分失败与全部枚举漂移；TEST-002
backend/internal/app/app.go	0c6ab8d869c7bff938b20fe31730e3fe6a495402a87831a8eb5d0ba152d57b22	进程日志安装、配置验证、先启动探针HTTP、运行时切换和优雅关机	无新增问题
backend/internal/app/availability.go	0c3e4793897dc62ddf33bd038a57b10bbfda375aa560eeee12113953975963c0	启动/数据库故障期间live-ready响应、CORS安全头和API流量门控	无新增问题；/live就绪后交由正式Handler保持liveness语义
backend/internal/app/availability_test.go	e2f296a44af523fa45c842b06d0e11e3b451cbf77362a8d7e1d69a7c57401174	启动readiness、故障门控/恢复与重试退避测试	未覆盖并发状态切换和正式/live转发，风险较低
backend/internal/app/runtime.go	bd70f9debce495c494b2f7673f705fac9890c0188050ee5f6913f395180fd70d	数据库/Schema/RBAC/缓存/NATS/Worker/Search/活动运行时装配、恢复监控与关闭	OPS-001；PERF-004；多数Worker启动失败只降级记录，需逐Worker确认数据库扫描兜底
backend/internal/config/activity_config_test.go	49714dafe4c85f6d2bb0ce1698af6f60b41845bd2b0b163cea8b45b77a0c8eb2	多副本Redis、活动队列容量和生产反滥用秘密配置验证测试	无新增问题
backend/internal/config/database_reset_config_test.go	f3b87a91311f1b99e68874977e9de2ce8bf6b701ae4bcf34a00fc8c8ce907f24	开发清库精确确认、URL数据库名与生产名称拒绝测试	无新增问题
backend/internal/domain/models.go	78d9739498d4093b901eb9b63fe5bd26d05fb800e84de53412c10fe4d74062f4	用户、角色、权限和本地化文本的内部/API领域模型	无新增问题；User明确隔离内部ID与公开ID
backend/internal/database/project_access_schema.go	0cbf2b8ebee2e513c7c1f67cb5cfc16b51b9700f01f19f64e5a12fec085ed165	已发布项目路由、编辑员/已认领个人作者及团队派生项目权限视图与版本触发器	无新增问题；提交者不参与权限，作者/团队关系使用project_acl全局版本
backend/internal/database/project_access_schema_test.go	17a2e4a2606bf782cba4bc158d964b7b5080d63430c2a9f52c77b0fb01127790	派生项目权限仅保留编辑员和个人作者/团队线路的Schema文本测试	测试为字符串存在性断言；关键行为由集成测试补充
backend/internal/database/project_access_integration_test.go	f9181aa0fc450ac8cff23ecbda9c0f65007f86f6c7275213a66943c4bddc20e5	派生权限多来源、认领唯一性、版本拆分、撤销与并发审批数据库集成测试	无新增问题；依赖显式远程隔离数据库开关
backend/internal/database/catalog_schema.go	307b3a796a802defa44caf82a223f7bd43bdc1262b5aa935fc421dc6269d5a06	全局目录实体、导入快照、资源/标签/配方类型模板绑定候选与未解析引用Schema	DB-004；存在与唯一约束完全重复的快照索引
backend/internal/database/catalog_editor_schema.go	b48c7edc0bd1bf13a43b2eb551b09c774b5cc1b7eb96db6e5abe3a506f4a9af4	目录编辑权威层、本地化、资源定义、标签成员、配方模板/槽位/定义Schema	DB-004；recipe_layout_templates显式索引与唯一约束重复
backend/internal/database/simple_project_schema.go	ece0fc586010949c498e445834d0a42b365284398bdffe1fbe730860316c7191	插件/地图/材质/光影/数据包/附属资源共享项目Schema、路由和父级引用	无新增问题；版本/加载器数组与权威版本关系需结合Handler继续检查
backend/internal/database/modpack_schema.go	093cf3848e3990d5023e4472a87e20abe836ea6abcb771e46e50cb1efb55bf1f	整合包项目、加载器兼容、标签、链接、图库和包含模组关系Schema	无新增问题
backend/internal/database/server_schema.go	76be7d2b579b8eb746255a2b23737e99964c3c23d1be605ae50d53ae7b6feaae	服务器目录、审核证据、模组引用、探测状态历史和公开路由Schema	公开路由ON CONFLICT会被public_id_registry前置触发器截断，疑似不可达兼容分支；待迁移器交叉确认
backend/internal/database/mod_content_document_schema.go	dde59137732a4dd08817539736a426982a2a2e5ec653eaec219df54a1af390bf	各资料类型权威可编辑字段、导入别名与引用类型的内置文档Schema	无新增问题；SQL辅助函数仅接收编译期常量
backend/internal/database/mod_content_schema.go	95cad53c205ac59f7e00d734b89383e2d2c62c05c76bfac15b28583c4074cc34	Mod资料版本、内置/自定义模板、分类树、资源放置、逐版本详情与公开路由Schema	BUG-009；DB-004；空库初始化仍含同generation路由回填语句，待迁移器确认LEGACY归类
backend/internal/database/mod_content_schema_test.go	685fd5f078de915da89293162b5731a80b7dda77583689d8b8b29166ab1f2dda	内置资料模板字段结构、引用字段和可编辑性Schema测试	未覆盖分类树深度、唯一约束和路由回填；BUG-009
backend/internal/database/mod_content_template_integration_test.go	45445975691de90808b6afda28c968b454c054a639f18d9bf41b2cfcc0b13b30	远程数据库内置战利品表/游戏设置模板存在性测试	仅验证两个模板的基础存在性，未验证全部模板JSON结构
backend/internal/httpapi/catalog_asset_handlers.go	4ecff68dfb1025700b43a59aebf2957f094f020bb19acaf3228d6ea403d82c66	公开目录资源图标、合成表背景图与渲染资产的受限重定向	无新增问题；仅允许活动实体、活动版本和已通过安全状态的光栅图像
backend/internal/httpapi/global_resource_admin_handlers.go	e025d1e815cec88ae9005ece9408404eeaa8a5bfc2a0c05a02b8ce6a04ce7350	公开资源名称展示与后台全局资源技术绑定分页查询	后台路由权限由注册层保护；模糊搜索和深分页性能待与统一分页策略合并评估
backend/internal/httpapi/catalog_editor_types.go	2fca5d00c0f0bfd62dde2e755da4c0589df4a548d33d5149fa8116b0529cfd44	目录编辑请求、快照、模板几何与合成绑定的输入验证模型	无新增问题；本地化、数值范围、槽位唯一性和候选资源规则均有明确校验
backend/internal/httpapi/catalog_editor_types_test.go	014f0a718fa477dc6c5c65550426d0ddd582e0dc5b0de5811aa6d8d76b78f73f	目录编辑本地化、模板、配方绑定、可选字段与活动标识验证测试	覆盖主要验证分支；未覆盖公开查询与手工发布的整合链路
backend/internal/httpapi/catalog_editor_handlers_test.go	120c52b2a667b82de8839c12617463a43b46073df3a53bf16e9582ea3c4eaeab	导入本地化回退、名称解析和公开ID校验测试	测试范围窄，未覆盖Handler权限、分页、缓存及公开渲染路径
backend/internal/httpapi/global_catalog_handlers.go	945191d323c05295da4691a837c0cb42b2ada31cea839d303bc29eb17f2b1c0b	公开合成类型、合成列表、渲染结果、本地化资源装饰和缓存响应	BUG-010；PERF-006；PERF-007；ARCH-009
backend/internal/httpapi/catalog_editor_service.go	8820af40ec0512d87d62a827d0b7fa1c0f054311a4127577d990ca1b0a586b8a	目录编辑提交事务、审核快照发布、本地化、资源/标签/模板/配方权威物化和引用校验	BUG-010；本文件发布手工配方但不生成导入快照，公开读取模型未覆盖
backend/internal/httpapi/catalog_editor_handlers.go	60643fa4be7cb04be6cad8e4a23c6fc2de7e4907ad83aa316184ce0a851ce556	目录编辑列表、详情、创建/修改/归档、导入回退、配方绑定和资源装饰Handler	PERF-006；PERF-008；ARCH-010；多处详情辅助查询错误被降级为零值
backend/internal/httpapi/catalog_identity.go	a7d1b9a080447003e5a3dafc570779a4880ac4feae6940632269dcc9fe2bf64a	目录实体确定性身份、随机公开ID、Mod ID别名归一与导入资源种类分类	BUG-011；未知注册表统一降为import.document，可合并不同资源语义
backend/internal/httpapi/catalog_identity_alias_test.go	49de1919f7486ec6bc3a826852652f2b7ea448e92314219073a52d58c9122068	Mod ID别名共享资源身份及不同资源种类隔离测试	未覆盖不同未知注册表的身份隔离；BUG-011
backend/internal/httpapi/catalog_identity_test.go	09d7dc6c3d7653b423c8b8f87ccac37f2c3c23818e999fb0a6fe3ae15f5d44ba	已知注册表到资源种类映射测试	只覆盖已知白名单，未覆盖未知注册表碰撞；BUG-011
backend/internal/httpapi/catalog_import.go	2231c8281e605f01abcb5fcd560c3b4705fd6ae5d779a8eb352a744799f6ea01	目录资源导入临时表、批量COPY、实体/别名/快照Upsert及未解析引用回填	BUG-012；导入无条件把已归档目录实体重新激活
backend/internal/httpapi/catalog_import_test.go	d8653ff25a7e7d0dd6775062192031ec5f4e195e56f39cf79f68644266f9f20d	目录导入复用既有权威身份、合并快照字段和别名集成测试	未覆盖已归档实体重导入、未知注册表与冲突并发；BUG-011；BUG-012
backend/internal/httpapi/catalog_resource_definition.go	73013fe0137d87437322fc1f451d01aa04f6ff7b4f63d7697f36df29c9bd6c41	目录资源定义的大小/深度、物理、工具、渲染、流体和扩展字段校验	无新增问题；未知扩展字段有总大小与深度边界
backend/internal/httpapi/catalog_resource_definition_test.go	ff4ed50d0367716b47fa52de1956048f7f3d1e8c75fb452edd848f8a7e3326da	资源定义已知字段合法/非法与Mod扩展属性测试	未覆盖总大小、最大深度、NaN/Inf和渲染向量边界
backend/internal/httpapi/catalog_sort.go	41f18a115149cecf2af77c956df97ebd6ed2582fa48d40829a2496a266792fe6	全项目目录排序、方向、列表/标量/布尔/版本范围过滤解析及安全ORDER BY构造	LEGACY-005；仍同时接受latest/oldest/created/nameAsc/nameDesc旧模型
backend/internal/httpapi/catalog_sort_test.go	fd07aa8e670923cb9e7dcb71423491192fce6d20cb01ebaeae690021c4461b14	排序注入边界、稳定排序、过滤白名单和旧排序链接测试	LEGACY-005；测试继续锁定开发期旧排序别名
backend/internal/httpapi/catalog_sort_integration_test.go	3c3280cbb7134279d636bc1674bcf16893f667db457f4019008b8a6974357c0c	远程数据库各项目目录核心排序和包含模组筛选集成冒烟	只断言HTTP 200，不验证顺序或结果内容
backend/internal/httpapi/catalog_mod_filter_integration_test.go	f29a01924f19e43311e453b93bb932e4b1e77c1e4a2cb2603561e6a61bf4a9d4	整合包包含模组的全部匹配语义远程数据库测试	覆盖单项和缺项，不含多重重复、别名与分页
backend/internal/httpapi/mod_export_documents.go	48f3dbfcd3099e7054417f1c0eca62647411a14c19d7bf451a61658ff42a5776	导出文档合同校验、资源投影、维度/群系/建筑/战利品引用提取与目录入队	BUG-013；多命名空间时无修订匹配的条目被静默丢弃；DEAD-002的ordinal无效局部变量
backend/internal/httpapi/mod_export_documents_test.go	c352a1d4c3e6167158d1d0f7faf255b18be05f471c8cc3c2d06cc6e2c29f1fcc	维度类型合并、生物群系引用和建筑群系标签拆分测试	未覆盖合同错误、命名空间不匹配和静默跳过；BUG-013
backend/internal/httpapi/mod_export_recipe_batch.go	332be403c72f69262f1febd6175ee071692c0b6ecf69d2962e2424be16240ebc	配方/绑定/候选资源的临时表COPY、批量Upsert、版本绑定和未解析引用写入	BUG-012；配方类型与配方导入均会重新激活已归档实体
backend/internal/httpapi/mod_export_recipe_batch_test.go	cdc9f86a80964cb02d59ab03a52df525f5dacb4f36238dc4b82c74cfbb82a420	配方候选资源去重与身份冲突拒绝测试	仅覆盖纯函数，未覆盖导入归档治理语义和批量SQL
backend/internal/httpapi/mod_export_recipe_import.go	1e71ebfb24bc7eca1eac4978a2f191aafb63c92a5f61a3d99f6be4b05a0ced4b	JEI类型/模板/配方解析、规范化、批量入队、模板推广与并发ZIP JSON解码	BUG-012；BUG-013；PERF-009；模板推广按模板逐次查询槽位
backend/internal/httpapi/mod_export_asset_batch.go	87f4d4a14efd74065549890569effa085391080868f7769ff30ecee4740f5973	文本/JSON资产的临时表COPY和修订路径唯一合并	无新增问题；JSON转jsonb在SQL边界失败关闭
backend/internal/httpapi/mod_export_contract.go	16ce125b21d05caaafe7e24c88f23d199f1e0f2f4ea71f7e855466c005f71af9	Mod导出manifest、capability合同校验与按revision批量写入	无新增问题；必填项、环境一致性、状态白名单和重复ID均有校验
backend/internal/httpapi/mod_export_contract_test.go	3a4b002bafd6c9642bef23aa07011e98e2304f1395fa8c2837f7d1c2381ba79f	真实导出ZIP的manifest、capability、block绑定、JEI模板/配方合同可选验证	依赖MCMODS_EXPORT_TEST_DIR而默认跳过；不含数据库和OSS持久化
backend/internal/httpapi/mod_export_derived.go	921398cf0adee9d449564ce509644803d385c32103f7d3d78604d2559faf5661	导入修订的注册表/文档/资产/配方/标签/capability派生统计刷新	无新增问题；按本次少量revision一次物化而非读时重算
backend/internal/httpapi/mod_export_locales.go	6c83e365dc72c38c265aa0bb693b8fd0852fabbcf50cc4e1198f89a2d413c7b9	Minecraft语言代码到站内BCP-47的外部协议适配及嵌套本地化字段筛选	无新增问题；该映射承担真实外部协议边界，不是无意义别名
backend/internal/httpapi/mod_export_raw_fallback.go	cfaa0babaf3a97c9dd050b8d682fb282dc3543cfa18004e42cdd8c9c3ba39d88	局部规范化导出的诊断源文档保留路径提取与重复JSON剥离	无新增问题；只对partial条目保留实际存在的归档路径
backend/internal/httpapi/mod_export_tag_handlers.go	1cc42bdcf024935283f9dd60be58e5690db94667089a16aa2441df494ac74daa	指定导入修订的Tag列表、详情、成员装饰和可见性边界	MAP-004；PERF-010；ARCH-011；entityId/publicId实际同值、all=1上限10000且详情成员无界、行迭代错误未检查
backend/internal/httpapi/mod_export_resources.go	da0d39dcf22b947d36c2f9a7773adfc732dcfaefa472a153827eee761f30aacb	导出资源的批量跨修订/手工资源解析、类型规范化、战利品与定义引用装饰	BUG-014；MAP-004；ARCH-011；首选revision排序优先于资源种类，可解析为同ID错误种类
backend/internal/httpapi/mod_export_resources_test.go	06ad50ab32a1a5427994837bf3f00b7953b36599f36b9fdff4f53ea57d582efa	资源种类规范化、本地化、战利品/附魔引用与完整详情投影测试	MAP-004；测试显式固化entityId/publicId同值；未测跨种类同canonical ID解析顺序
backend/internal/httpapi/mod_export_query_handlers.go	79143e2154980d03c099052f1c3ae962fe977e909e2d27a50623596226271934	Mod导出修订摘要、注册表/文档/资产/结构查询、审核激活与修订可见性边界	BUG-016；MAP-004；PERF-010；PERF-011；ARCH-011；审核note被忽略、多个行迭代错误未检查
backend/internal/httpapi/mod_export_entry_handlers.go	8a17b0626dd1332d5373514c66ea83d5ba50fc1645b5d8ef09649e419527bfa7	Mod导出资源详情、本地化内容、模型、版本与配方关联查询及知识页发布	BUG-015；MAP-004；ARCH-011；缺省locale覆盖用户语言偏好，模型JSON错误被静默降级
backend/internal/httpapi/mod_export_icon_catalog.go	d890474e10ac4633e3f0fe05ea6efb34f4bbcd4282415e47646ee0cc90d34c4d	从标准图标目录物化缺失注册表资源、翻译名与最佳尺寸图标	无新增问题；仅支持明确mob_effects协议目录，路径清理和确定性排序有效
backend/internal/httpapi/mod_export_icon_catalog_test.go	fcfa41fbb6a4494caddf5025dd59c1d7a73c49899fb55547f9c6c8a1ed47a583	图标目录资源识别、非支持目录忽略和32/256尺寸优先级测试	未覆盖异常命名空间、非标准尺寸与大小写扩展名
backend/internal/httpapi/mod_export_job_lifecycle.go	eeaddbe76c5ad424cee99e972ed6d8ee1e7d0724f0f3168f3b0a62983f3619d2	导入任务租约、心跳、失败、停滞恢复、直接/Outbox分发及事务辅助	LEGACY-006；关闭Outbox时仍存在Core NATS直接发布与进程内goroutine双路径
backend/internal/httpapi/mod_export_locale_bundles.go	c8a31245d2145e5f239ba35f381eb2fd9eb1a00a06fa0077df37c12e9b6bc34e	导出语言包压缩、OSS元数据持久化、受限解压读取、缓存与名称装饰	无新增问题；区域语言回退为同基础语言字典且选择顺序为字典序，需产品确认
backend/internal/httpapi/mod_export_locale_bundles_test.go	d3350e5e19afeaf367ae06ca68a03c559fe92a31b33afcafd937d9764880e291	冷门语言字典保留、修订别名去重和区域语言对象隔离测试	未覆盖OSS读取、16MiB解压上限、缓存及同locale冲突
backend/internal/httpapi/mod_export_block_bindings.go	c4eda1263f18b824f167234f1e4c7688dba5a3be94afa902ca50de70d3731eb8	方块与物品关系、模型/纹理引用图遍历、资源快照绑定推导与批量持久化	BUG-013；未知命名空间仍被静默跳过；无独立自动化测试，复杂模型图仅由可选导出合同测试覆盖
backend/internal/httpapi/mod_export_block_entities.go	c6604e12c79e45bdad3bd90dd63ebd5fe68932b5b316a3be3ffec3bbca9a1803	方块实体模型/变体/网格合同校验、资源关联及临时表批量持久化	BUG-013；未知命名空间模型静默跳过；结构边界严格但无专门边界测试
backend/internal/httpapi/mod_export_content_sync.go	0d85c384e54eab26b020748879618081ac6490c5bae31458039bc1834c22681e	将导入快照同步到Mod资料版本、自动建立板块分类/本地化/资源布局及活动记录	BUG-017；BUG-018；REUSE-001；并发ordinal读取插入可冲突，重导入不会移除新快照已不存在的旧资源，种类与战利品分类CASE重复
backend/internal/httpapi/mod_export_handlers.go	d6f87559f7c4afa9703f78653a5b4a9e8ada79018ab19ee0e355a3317fc9669d	Mod导出包上传、任务创建/重试、ZIP校验、异步导入、资源持久化、激活同步与结果通知主链	BUG-012；BUG-013；BUG-019；SEC-009；OPS-003；ARCH-011；Outbox模式重试/恢复任务不重新入队，SHA去重包可被跨用户覆盖源指针，事务失败会遗留OSS对象/文件记录
backend/internal/httpapi/mod_export_handlers_test.go	16de9a0d69c96d6099c9c24e0fb4b130c4faee751da9aebff884ecc48b58429a	导出协议解析、规范化、ZIP路径、Tag归属、合成模板和资源绑定单元测试	TEST-008；未覆盖任务重试/恢复、Outbox再入队、跨用户包SHA冲突和OSS失败清理
backend/internal/httpapi/mod_export_latest_integration_test.go	72e745954e5385a571eae21a8c2505af85808a10a33f66e01ab92423062c2c50	基于真实导出ZIP和PostgreSQL的目录投影、模板推广、资料同步及同包重建集成测试	TEST-008；测试依赖可选ZIP环境变量且在单一回滚事务内直接调用内部函数，不覆盖HTTP/Outbox/OSS/Worker生命周期
backend/internal/httpapi/mod_embedded_icon_import.go	f77adac0d63cd64999614c112943c36e4bb4c2b5b5657341a0c3aaa491f30ce8	IconRenderer/LetMeSeeSee/IRR JSON上传、任务、MODID确认、PNG规范化、目录持久化与资料激活	SEC-009；SEC-010；OPS-003；复用可变全局SHA包和分批OSS写入问题，PNG在尺寸校验前完整解码且8并发可放大解压内存
backend/internal/httpapi/mod_embedded_icon_import_test.go	c8358868786d545213df91498a86e58de300c46feb9577bbf78a98095b1d6c63	三种图标目录协议别名、JSONL/IRR变体、实体图标构建及固定画布渲染测试	SEC-010；仅测试小型合法PNG，未覆盖超大尺寸、压缩炸弹、并发内存和失败清理
backend/internal/httpapi/mod_import_config.go	4d2073aa1cfcbea7ea02df3e169eca0725d0a2aab13bab592e292db33fbf399d	Modrinth/CurseForge/GitHub导入源、超时与密钥的加密设置读取、规范化、脱敏和后台保存	SEC-011；允许admin.config.write把保留的既有密钥与任意公共HTTPS BaseURL组合
backend/internal/httpapi/mod_import_handlers.go	37fbfa0f1e94f3c26f4461199bd77b4980d0018e5c1fd0fd6d11cbe74f1fb273	各项目类型外部元数据导入任务创建、用户隔离查询、来源URL白名单及Outbox入队	LEGACY-006；关闭Outbox仍直接Core NATS发布；项目类型/来源校验和任务所有者边界有效
backend/internal/httpapi/mod_import_worker.go	a9e0df599d433b0ec8fa1d25088b5334ea2a1cbd44b99e29fa6ccfbf7ae16922	外部元数据任务扫描/消费、SSRF安全HTTP、三平台转换、状态与许可/兼容性启发式	BUG-020；SEC-006；SEC-011；ARCH-012；LEGACY-006；neoforge文本同时命中forge，次要API错误静默丢字段，默认Outbox仍并行Core NATS扫描
backend/internal/httpapi/mod_import_worker_test.go	9839b65a3989db077af521a0f6480dabda32b32a5de778d99acb891ada73006b	来源URL、头像解码、环境/许可规范化、配置脱敏、私网与跨Host重定向测试	BUG-020；SEC-011；ARCH-012；未覆盖neoforge文本误判、BaseURL换Host保留密钥及次要API失败降级
backend/internal/httpapi/mod_review_queue_handlers.go	b6d7a37214b24a13ed210fbe16b84adb99d155ab0e25d9d1183373f99e21f045	统一内容审核队列的跨业务UNION、权限预过滤、搜索筛选、分面与分页响应	BUG-021；PERF-012；数据库先按最早时间截断2000条，之后才在内存搜索、筛选和分页，后续待审项及分面/总数会被静默排除
backend/internal/httpapi/review_queue_integration_test.go	49d94d817fb017b5bfe4955043f9e26c1c210edc04a56939ecc2afc50d246c1d	在可选PostgreSQL环境执行完整审核队列UNION并验证列扫描契约	TEST-009；只验证SQL可执行和列形状，不覆盖超过2000条、搜索分页完整性或权限边界结果
backend/internal/httpapi/mod_revision_handlers.go	256f8c6a8291f7751617f2164aa2825280fdbba9ed60159842e19613f0b37d42	Mod修订提交、乐观并发基线、历史/比较、项目审核发布、快照落库和审核审计通知	BUG-022；BUG-023；PERF-013；项目级审核者可审核却看不到待审历史/比较，提交后回读错误被吞并返回空成功体，历史无分页且每行多次相关子查询
frontend/app/_components/mod-history.tsx	f2fb717913cb4e7ad120421ed960cea6c0021aff413b7893800b4068be904234	Mod修订历史选择、两版本比较导航与字段差异展示	BUG-022；PERF-013；项目审核队列链接到本页但后端只向编辑者/全局审核者返回待审项，且全量历史一次渲染；编辑入口未按权限隐藏但后端仍校验
backend/internal/httpapi/mod_gallery_handlers.go	4b7ca01def103f486cf589a51fb67df3578ced6b556777702b4596bc8adf2907	按Mod与图片公开ID校验待审可见性并重定向到已激活OSS画廊对象	BUG-022；项目级审核者缺少待审Mod画廊读取能力，提交者/全局审核与普通公开边界正确
backend/internal/httpapi/mod_permission_test.go	4ab438fcc6c78a6f5027eec11d8ea0f5e7d915501f09ad8ff1028c7dbc707d16	验证全局、项目作用域与通配编辑权限以及非权限角色标签不会放行	无新增问题；覆盖核心canEditMod正反例，但不覆盖待审读取与审核权限一致性
backend/internal/httpapi/modid_validation.go	f53c3be5f7fbf12a20ef93521a6d15cf17dc13b83ab1f27827d4ead58bb1e98f	导入命名空间统计、候选归一化、多候选确认暂停、用户绑定确认和Outbox重新入队	LEGACY-006；确认提交后同时写Outbox并主动dispatch；确认哈希绑定任务/模组/创建用户且24小时失效边界有效
backend/internal/httpapi/modid_validation_test.go	13d92720a4ab43d1de4722a371d9f8660bacf6d06100dc51c1e1cc12ed202838	MODID匹配、不匹配、缺配置、多主要候选、排除minecraft与比例归一化单元测试	TEST-010；未覆盖确认HTTP、任务/用户/数据哈希绑定、过期、重放、Outbox与各导入入口
backend/internal/httpapi/mod_icon_mirror.go	9cca3795bb07a5b1a1ba66911931c5082f1e3b61eb91f5bc8075c028374e03ba	外部项目图标/作者头像HTTPS白名单下载、图像解码验证、OSS去重持久化与站内对象复用	SEC-012；站内OSS URL复用仅凭对象Key和active/clean状态，不校验对象类别、所有者或请求用途，已知Key可跨边界复用
backend/internal/httpapi/mod_icon_mirror_test.go	a5ddf8005c8ac037de4944cf0c72c7b5a42d4feaeca9b38c36f3af645d7308f9	外部图标Host白名单、PNG/JPEG/GIF真解码和OSS端点路径安全测试	SEC-012；未覆盖站内对象跨用户/跨类别复用、OSS写入后数据库失败清理和重定向下载
backend/internal/httpapi/mod_handlers.go	3837d9b9232a542a2bb10849305f1e2a8352fa8112433e81ba4d3916ab71dd47	Mod创建、公开列表/详情、输入规范化、作者/图片/关系/兼容性持久化、未解析引用回填与ID生成主链	SEC-013；PERF-014；OPS-003；编辑当前Mod可删除和改写其他已发布Mod拥有的入向关系并全局清理空组，详情关系分组N+1；导入媒体在项目事务外落OSS/文件表
backend/internal/httpapi/mod_handlers_test.go	c6f02de3e8f739680b85419699ba4793ea6ead518a6b8557cd6724745e63fb3e	Mod站内ID、请求归一化、GitHub同步、方向关系、MODID版本与基础差异测试	TEST-011；测试明确接受“从目标Mod编辑其他来源Mod的入向关系”但不验证来源项目授权，锁定SEC-013行为
backend/internal/httpapi/admin_mod_content_attribute_handlers.go	5bfdbc0838dec45dcddfa6a9aa7bf96498437e3fb7ebc3e981ceaaf3fe495e45	后台读取与更新全站内建Mod资料属性模板、本地化和稳定字段Schema约束	BUG-024；更新允许直接删除仍被历史资料entry_type_code引用的整个条目类型，且没有数据级引用检查，既有资料后续校验、编辑和引用同步会失败
backend/internal/httpapi/mod_content_definition.go	d68168dd134cc5dab311b430d969db9b2c916e1dc0d6a56b21e3aae8b8520c3b	Mod资料模板继承解析、条目类型选择、字段规范化、导入类型推断及维度/群系与战利品派生字段处理	BUG-024；条目类型选择对已删除或停用类型返回引用错误，证明后台无引用检查删除会使既有entry_type_code失去可解析Schema
backend/internal/httpapi/mod_content_definition_test.go	219750a55e6e7273b0ba00ff4d08912308e8d2002826aa9d5cdb7129886e3a88	资料定义规范化、别名、只读字段、派生引用、导入推断、Schema稳定性和停用类型单元测试	TEST-012；测试明确要求整类删除被接受，却没有构造数据库中的既有资料引用或验证删除后可读写性，锁定BUG-024
backend/internal/httpapi/mod_content_handlers.go	8e3ec9291257c7841eca26c3649bea943adfdf17bd3dbf8218e602953f6a3c58	Mod资料版本、模板、板块、资源详情的校验、公开读取、修订提交、审核发布、归档及引用同步主链	BUG-024；BUG-025；BUG-026；BUG-027；PERF-015；PERF-016；LEGACY-007；自定义模板可破坏Schema，旧板块PUT可跨版本拆裂子树且拒绝合法全局资源，多列表漏rows.Err，公共资料查询和逐引用SQL扩展性不足
backend/internal/httpapi/mod_content_layout_handlers.go	7024484b0d9730e546502581916ee4d6435c04e372fff75c9583b4cc586674aa	整版资料目录树规范化、资源/相似组/进度关系校验、批量发布、归档差异和单资源移动	PERF-017；权威整版布局路径正确使用mod_resource_bindings并批量写资源，但最多1000分类/10000相似组的ID生成和每分类本地化仍采用大量顺序SQL；与旧单板块PUT并存
backend/internal/httpapi/mod_content_resource_integration_test.go	941a650870a05c221eb4651a1c2ae566c5af0cd1d0d69c7e853caa9765a82e84	真实PostgreSQL下资源列表、板块树、分页详情、布局移动、进度定义和版本详情隔离测试	TEST-013；覆盖常规同属Mod资源和布局，但不覆盖模板失效、跨版本板块、owner_mod_id为空的全局资源及大数据查询；仍直接测试无前端调用的集合GET
backend/internal/httpapi/mod_content_safety_integration_test.go	2372cd0521c937f97fe17f1f9f35f621cf3321a31d6456b11e6db8f2630adf79	真实PostgreSQL下待审资源预览作用域、板块回传、归档详情复用、板块树归档和版本导入失效测试	BUG-022；TEST-013；只测试全局content.review，不覆盖项目作用域审核者；归档测试未验证模板/子树版本不变量、全局资源和板块删除后直接资源可见性
backend/internal/httpapi/mod_content_review_test.go	bacf60d8ef6862517a7ab41161731685f4f603f2a784bf7924cbdfb7a5096964	资料修订聚合键、物品方块布局去重、进度父子循环、本地化来源及不可编辑语言保护单元测试	无新增问题；纯函数边界较完整，但不能覆盖事务级模板、版本树和全局资源关系问题
backend/internal/httpapi/mod_content_advancement_integration_test.go	9213606a72b7b18391382064921d97746a2ab0aa2401c3812fb02fe3e1ad763d	真实PostgreSQL下进度资料创建、布局坐标/父子保存及重复无变化保存测试	TEST-013；待审创建通过直接SQL改active而非真实审核发布，因而未验证修订、审核事件与发布事务一致性
backend/internal/httpapi/mod_content_similar_groups_test.go	b666f43311d6bfd1a28837897b81647793624d001ff3ed8936477ffbdfe07eef	相似资料组同分类、单成员移除和跨分类拒绝单元测试	无新增问题；覆盖规范化核心分支
backend/internal/httpapi/mod_content_system_categories.go	af4136820da2434b895601036e2506a901bb9402b7de74c852869693e89d3e24	物品/方块模板首次建立时幂等创建系统分类并写入三种核心语言名称	无新增独立问题；由唯一约束保证并发幂等，调用方仅为已审查的资料根创建事务
backend/internal/httpapi/simple_project_handlers.go	3b09dc890ee147ce1b0c2a4f514b22a7291820cc8321df473267751f952a7376	插件/地图/材质包/光影/数据包/附属项目目录、创建修订、关联资料、图库、历史及导入资产处理	BUG-027；BUG-028；PERF-018；PERF-019；MAP-005；项目提交者未作为编辑权限来源
backend/internal/httpapi/simple_project_catalog_integration_test.go	e890edba1a08accac7f5a42b6ad4bb36707030611178d98703b005cd42a47fa2	六类简单项目目录COUNT与列表SQL的远程PostgreSQL语法烟雾测试	TEST-014；未构造业务数据，未验证过滤/权限/大响应/关联读取失败和分页语义
backend/internal/httpapi/modpack_handlers.go	0b0b08c4bdbfd480f39efd9bb2aec2f2fdedd3510497f530517091d4ebb34138	整合包目录、创建修订、兼容性/标签/作者/包含模组/图库关联及历史读取	BUG-022；BUG-027；BUG-028；BUG-029；PERF-018；PERF-019；PERF-020；提交者未作为编辑权限来源
backend/internal/httpapi/modpack_import_worker_test.go	69497cf37e57da9bc5ccecb7526d3ddd83f5a38d55df180f0ea421d1cc1fc069	Modrinth整合包索引模组/环境/兼容性提取、外部URL类型和站内分类映射测试	无新增独立问题；只覆盖导入纯函数，不覆盖Handler分类校验、持久化或异步任务
backend/internal/httpapi/server_catalog_handlers.go	0e89f1be469011b44e39e07c03594bc6986bb676017142cddb9e2b277a1162f9	服务器设置、主动探测、提交/编辑、模组与证明附件关联、公开目录/详情及在线历史	BUG-030；PERF-021；探测委托serverprobe公网地址保护；提交者未作为编辑权限来源
backend/internal/httpapi/server_catalog_handlers_test.go	1fb7f812269874d66e86c1d260e345bbd9e091f191a1abefc3503b2011da8181	服务器提交/更新规范化、证明要求、探测证据优先和模组筛选解析单元测试	TEST-015；未覆盖数据库事务、权限、客户端伪造证据和大分页
backend/internal/serverprobe/probe.go	af396839a2f9fe54f9a58fe240ffae6933169cafb7d308d0eda083c898993b58	Minecraft状态探测、地址/SRV解析、公网IP校验、协议帧、状态JSON与Forge摘要整合	公网IP全解析后固定IP拨号可防DNS重绑定；SEC-014由Configuration解析资源上限产生
backend/internal/serverprobe/probe_test.go	c916d1ee2db2a7f9ac341a8d61e2bebd834a0c658416c0e134540de2f42f30e2	地址规范化、私网拒绝、SRV握手主机、favicon和空Forge状态测试	TEST-015；未覆盖混合公私DNS、多保留IPv6、重绑定与真实恶意服务端
backend/internal/serverprobe/configuration.go	7e9f7bf8dde1d54ed36f9a53ad669beaa17a61f946eb7cd4fc027ef0bcc18b72	现代Minecraft Configuration登录探测、压缩包帧、NeoForge/Fabric通道与注册表命名空间提取	SEC-014；每包/总字节/包数有界，但计数可触发远高于输入的预分配
backend/internal/serverprobe/configuration_fabric.go	0e48eeff6316a27f9e33302e13a84a0d9277d41141a8dffd2b91bcb77add5cf9	Fabric分块注册表同步解析、命名空间展开和计数校验	SEC-014；64MiB输入可派生最多500万字符串并产生高堆峰值
backend/internal/serverprobe/configuration_nbt.go	2836564f653436aad95a405b34f9c20f6e28b07f697a78db93a636feca67afce	Configuration动态注册表与有深度/长度限制的NBT跳过器	SEC-014；动态注册表按未与剩余字节关联的一百万计数预分配
backend/internal/serverprobe/configuration_test.go	45b4ef84ab43dc3880b5e981aa6a957f18376c56c9186aaabdc7a0e496df29de	代理协议回退、NeoForge/Fabric注册表与命名空间过滤测试	TEST-015；没有恶意计数、近64MiB、包数/压缩/内存预算测试
backend/internal/serverprobe/forge.go	ce36265ab9a1a1a4ffc2d5c85e081197b18725ee54b4263d57f181cb214ccc50	Forge legacy/compact状态JSON、UTF-16优化编码和Mod/网络通道解析	外层2MiB与解码4MiB限制使处理有界；无新增独立问题
backend/internal/serverprobe/forge_test.go	5f25ed6e168994a3cced9a12958fa45f45f4fa6de594f41bc67d92cd8fd681d1	Forge UTF-16、优化位流、Mod通道和FML3字符串版本测试	未覆盖近4MiB、畸形计数和截断输入，但由统一TEST-015记录协议模糊测试缺口
backend/internal/httpapi/server_review_handlers.go	1387418afa405c675a9c69991a9fcf2b0c53a5585f2f757245834668032f4a65	服务器审核队列、审核状态转换、证明附件读取和受权预签名	PERF-022；列表逐项读取附件/链接/模组且携带完整正文，权限由server.review路由强制
backend/internal/httpapi/server_probe_scheduler.go	94b176e17ad79cc9af5c9eac69f5528bb207a9896d21429266ec722735c7edeb	五分钟服务器探测领取、32路并发执行、状态持久化与历史清理	BUG-031；完整清单不会移除旧机器模组且领取遍历未检查rows.Err
backend/internal/httpapi/server_cors_test.go	6c067f4f822c32861d34c395ed5835af693a8c1b3bae379884de55ae36d1cafb	CORS写请求头、凭据和认证/RBAC响应头暴露测试	聚焦边界有效；不替代真实跨域浏览器与失效Session集成测试
backend/internal/httpapi/server_mod_save_integration_test.go	dedebec0483ceafbb272892b2e84de651931d0d01989c46ab0a15ce63aa79bfe	服务器模组解析/未解析关系批量保存和读取集成测试	TEST-015；覆盖保存形状但未覆盖来源伪造、冲突来源和探测快照删除
backend/internal/httpapi/server_review_handlers_integration_test.go	342ad8d6e4b7942d5ae359ca59bbd23a3c9290c5ab22ab21dfeec8f39110cb8c	服务器审核列表SQL形状集成测试	TEST-015；仅在现有库执行查询，不创建断言数据、不走HTTP权限/审核流程
backend/internal/httpapi/project_file_handlers.go	8f304a930008945db318c6a20ecbb534bde46fb6d8b49af943a0b9f04ac6a0d1	项目站内/Modrinth/CurseForge文件列表、上传绑定、删除、下载和供应商缓存	BUG-032、BUG-033、PERF-023、REUSE-003；权限和内部下载clean检查有效
backend/internal/httpapi/project_file_handlers_test.go	b93709c692054eb38897572a077c6f616f3f647d1df3d38993f97dc38eee4034	项目文件类型/扩展名/外部兼容文本/URL/版本排序纯函数测试	TEST-016；没有HTTP、数据库、扫描状态、权限、外部供应商与Outbox测试
backend/internal/database/project_file_schema.go	beb2631b00bd25a52c4978cc9477061282cddce81f6acf39367e786ee4c3bb7d	项目文件表、过滤索引、父项目复合外键和公共路由触发器	DB-005；自路由canonical path未注册且软删除不移除route
backend/internal/httpapi/project_changelog_handlers.go	3c0689f44b3ed00bc4bbca7f8d44db942f11d1fd6f2d98a7b5ea0d0c5e513bd1	统一项目更新日志创建/修订/历史、多语言分类、审核快照和项目更新事件	BUG-022、BUG-033、BUG-034、PERF-024；项目权限不以提交者身份放行
backend/internal/httpapi/project_changelog_handlers_test.go	7eb2a3026b11fc8e2af3f28340141980e75dadcc551c17fdce71637c3bbcc85a	更新日志快照、语言、分类输入和目标类型规范化测试	TEST-017；未覆盖HTTP、数据库、审核、自动同步和分页
backend/internal/database/changelog_schema.go	6937070b3637c858047d65fa18e050e7ad0c3a7f319387adda95c986257e67ea	项目更新日志/分类/多语言表、索引、公共路由和热度事件触发器	版本仅text数组缺少权威约束并由BUG-033记录；索引支持目标时间序
backend/internal/httpapi/project_update_events.go	2668a47d0331d7fb637bd1f74a5d40d71191e95e9290dd3b1ac4044cd1634ada	公开项目实质更新事件合并、通知任务和Outbox事务写入	BUG-027；MAP-006；30秒同操作者发布批次合并使用项目级事务锁
backend/internal/httpapi/project_update_notification_worker.go	a45ed234bdaa5dc06a8189c450ac2fa311175d6a65ab0dd01d71e611c769e771	项目更新通知任务领取、关注者分页、本地化模板、幂等通知和未读广播	OPS-004；BUG-027；BUG-037；PERF-025；失败次数回滚导致无限重试
backend/internal/httpapi/project_follow_handlers.go	b7ea1d5ac7fcd5ab1adb61480f8ffbdb6a4d1688702cad07c0d5b541e6cc8c45	项目关注创建、取消、状态和本人关注列表	BUG-027；BUG-036；DEAD-003；隐藏目标无法取消且通知开关无修改入口
backend/internal/httpapi/project_update_integration_test.go	966a351e4b5665af0dc71647c5125f119fd5dbdc59a81f5b9955e00515e3691b	项目更新事件时间窗合并、通知任务和Outbox事务集成测试	TEST-018；未运行Worker、偏好、locale、重试或隐藏目标路径
backend/internal/database/engagement_export_schema.go	1e8ab9cd063ae63ac9891e639d39930afff4f460c405d756cbda13122be9ccff	收藏夹导出、表情包、项目关注、更新事件及通知任务Schema	MAP-006；DEAD-003/011；PERF-025；BUG-068；导出历史被收藏夹级联删除
backend/internal/database/engagement_export_schema_test.go	f3f9fc3cc9fc617dba1f465c0e59b47dfdc86af8ecc40cd00a495199f865e58f	导出、表情、关注与更新Schema关键片段及权限种子字符串测试	TEST-018；仅验证DDL文本存在，不验证约束行为、Worker与查询计划
backend/internal/httpapi/project_automation_worker.go	14e8f1da6c419c9a1563830082c9f2c29428f94b8c0a3c1a7ae7c5d542219d0c	项目自动更新调度、租约重试、三方兼容/日志同步、文件镜像与扫描提升	ARCH-013；PERF-026；BUG-035、BUG-038；DB-006；BUG-033/034和OPS-003证据扩展
backend/internal/httpapi/project_automation_handlers.go	1d3df05e1497cd7d912d0cc5027f586a1727d2b2c1149a8bc21e497012d858e7	项目外部来源绑定、三类自动更新设置、手动运行和运行记录接口	SEC-015；ARCH-013；DEAD-004；GET初始化会写入并默认启用任务
backend/internal/httpapi/project_maintenance_automation.go	15af84ab9385616297469cc2c2a2d0e08b402477b3a1e19b456bf51c71683737	基于外部活动时间自动切换低频/停更、人工覆盖与恢复	BUG-039；状态直接改主表，仅activity记录autobot且无修订/更新事件/应用日志
backend/internal/httpapi/project_maintenance_automation_test.go	38940b2d537c59facda4e1a1c8412c19abdcd9d7a0b63407668768dbd77f2d49	维护状态日历阈值和无序provider活动时间纯函数测试	TEST-019；不覆盖任务、发布修订和审计事件
backend/internal/httpapi/project_maintenance_automation_integration_test.go	f2078b37d4607357e592fc86b38406a6c21a6535b8755058724835e0587ffc9f	自动维护低频/停更/恢复与人工覆盖数据库转换测试	TEST-019；验证changed_by但未验证修订、事件、通知和操作日志缺失
backend/internal/httpapi/automation_actor_integration_test.go	7ff9f018ddce75fcba27cf0f025ee5cc7cc2c8a8cbab153346922b98fc53b573	autobot种子身份、真实RBAC权限和1000%审核限流集成测试	无新增独立问题；有效证明不再拼接管理员Claims
backend/internal/database/governance_automation_schema_test.go	6a6351a634137aa6f203eb5b309fcb0932bd4ed44bfbafec40b8ea3ffa2edc57	爬虫项目类型和自动化actor/维护所有权DDL片段测试	TEST-019；字符串存在性不验证约束、状态机和真实Worker行为
backend/internal/database/governance_automation_seeds.go	ab51d1f7c26009c95f9a5745a48a402574e9fa9e24d94e465a42e415828d1433	治理默认封禁原因、站务多语言、爬虫配置、许可证策略和权限访问类型推导	无新增独立问题；权限访问类型仍为命名启发式，待seeds.go完整审查统一判断
backend/internal/httpapi/seed_crawler_handlers.go	09b51b2959e34e82bc3c656ab05a704d50d1b1c7d69b9e3a4f52526ac143fc95	填充爬虫配置、手工run、run历史和候选后台接口	BUG-027；PERF-027；DEAD-005；run/candidate游标缺结束错误且配置并发无执行方
backend/internal/httpapi/seed_crawler_worker.go	b1436f588ab1d5e4953ed290fc01c5a40086191f98ef7c601e0cdd77eb6cdc25	Modrinth随机候选发现、元数据导入、AI翻译、autobot草稿/自动提交和来源绑定	SEC-016；OPS-005/006；BUG-040/041/042；ARCH-013；多步状态和预算非原子
backend/internal/httpapi/seed_crawler_worker_test.go	5afa46f2ea559d6cc184fe06e03127034498122da0bb4864f7ca83539e407e08	爬虫项目类型、严格下载阈值、随机窗口和Modrinth搜索请求单元测试	TEST-020；未覆盖数据库任务、租约、AI预算、autobot创建和多步提交
backend/internal/httpapi/notification_handlers.go	f7dfecdf213b75b7eae867bd95c2209fc6a1a56aeae71f66ebd6aee17f760b39	系统广播发布/删除、通知列表与已读、未读汇总和普通通知AI翻译	BUG-027；PERF-028；BUG-043/044；LEGACY-008；system通知翻译前后端均正确禁止
backend/internal/httpapi/notification_handlers_test.go	bfd954a07b1803b3ae9d7405b44ecb21788fb96c54c5089abd28cfb1c13dfe79	关注者中文文案、ID排序、AI余额减法和read-all路由注册测试	TEST-021；未覆盖通知数据库、可见性、分页、翻译与已读行为；LEGACY-001旧文案证据
backend/internal/httpapi/unread_reconciliation.go	7577b8ef6f22943d617edc50ecb517e50ea677f55ff9f9f7f9f985c45e7ffd51	按用户游标周期校准通知/私信未读缓存及管理员定向校准	PERF-029；游标结束错误检查正确，但每用户两个相关COUNT会全站循环
backend/internal/httpapi/unread_reconciliation_integration_test.go	7b9a51cdd88d81182180a8bb22b7a21aa1c4cb07f5b79ea8856bc3eef7e91500	远程PostgreSQL与miniredis未读对账查询烟雾测试	TEST-021；不构造数据、不断言真值/漂移/游标循环和故障恢复
backend/internal/httpapi/message_handlers.go	f1cec19ece85487c51e691d2c903d20519393197e17d55c89cde7860b56220d3	私聊会话创建/列表、消息读写、未读与聊天活跃状态	BUG-027/045；PERF-030；LEGACY-009；无历史方向分页且邮件绕过本地化可靠边界
backend/internal/httpapi/presence_handlers.go	e53203865b63f77e16b632a8ab334aa150c8c707589687c27940efae1d0927ae	游客/登录用户站点在线心跳、用户会话快照和公开在线隐私映射	SEC-017；游客自报visitor可伪造统计并无界放大本地/Redis集合
backend/internal/httpapi/presence_handlers_test.go	fb3bd4b1d98f9f67a398fb96967b36e5f86290ec70c69b7988a849fffe4d3c77	公开在线三态隐私与默认数据库快照间隔单元测试	TEST-022；未覆盖端点、伪造访客、Redis回退和数据库快照
backend/internal/httpapi/realtime_handlers.go	5871c57884acfa01d6084552b45a245159056d1991a6d247929013d05a6acb69	SSE用户事件流、进程内Hub及Core NATS跨实例广播	SEC-018；BUG-046；OPS-007；同实例回声重复、无连接预算且订阅失败不恢复
frontend/app/_components/site-shell.tsx	a6d30b1ffa82973eafd4ebc4a3f0591a7d08c7f63e4ca7188ea6f72987054c54	全站Presence/SSE桥、后端状态、通知弹窗、导航认证菜单和未读徽标	PERF-031；事件到全局DOM事件形成重复刷新；SSE客户端同ID有界去重
frontend/app/_components/messages-center.tsx	96c1a6512b59b60e8f54e656a7723d41a93d31f3590b60501c00ea3da8d3b7bf	通知分类/已读/AI翻译与私聊会话、消息、Presence、实时刷新界面	BUG-047/048；PERF-031；跨会话迟到响应覆盖且AI余额无初始加载
frontend/app/_lib/navigation.ts	14588cb34fbfc86f30b7bb24b75f17d4e666f2092aa235659f97e58506277d81	通知等站内目标URL的同源路径规范化	无新增问题；拒绝协议相对、反斜杠、过长、解码后危险路径
frontend/app/_components/user-avatar.tsx	3ebfe32e260bc48dffaac9c6e49e2135a3f4590535e9b26a174de8fb9d21d451	用户头像、在线隐私三态和悬浮公开用户卡	无新增独立问题；纯文本/安全URL边界由API承担，卡片调用点身份稳定
backend/internal/httpapi/system_settings.go	58f225352001ece7f7c547f5a3c98fecd99280fde073c26ac69793d207e6fc3c	系统敏感设置JSON的统一加密与解密边界	无新增问题；复用AES-GCM设置加密且错误向上传递
backend/internal/mailer/mailer.go	87b815990bb1b8c27cbc57192c775cf89a2181b31476afdcd727d346e930685b	SMTP纯文本邮件、邮箱/标题校验、STARTTLS/Auth和超时	BUG-050调用配置开关边界；底层防Header注入并要求配置TLS时失败关闭
backend/internal/mailer/mailer_test.go	fe6fe1b922bddc7eb310e141dbde82445ceb8d0a7ce70ca86bef6f22f6ebd14d	邮箱解析与Header注入单元测试	TEST-024；未覆盖SMTP/TLS/Auth/超时和Enabled行为
backend/internal/httpapi/settings_cache.go	95bdacffd47de0d343204fc39aa2b650411e948f1cf0fbbfd4e4f414898899f2	公开系统设置的持久化版本化Redis缓存与失效	无新增问题；白名单Key、数据库版本事实和错误回源边界明确
backend/internal/httpapi/content_language_settings.go	57cafe213f753103b365a980b49e5556b278df2f5b7f1f6fe2bb6f3867bf9f10	用户主/次内容语言读取更新和操作记录	STYLE-003；英文直接错误仍存在，事务保证设置与活动记录同提交
backend/internal/httpapi/site_settings_handlers.go	77587a0710455eb6c18f9d83520d340f545e4c921d0c6042138c0a3da8c9f54a	公开品牌配置、后台更新和Logo上传权限探测	OPS-008/SEC-019调用边界；后端严格限制Logo公开路径并版本化失效缓存
backend/internal/httpapi/site_settings_handlers_test.go	afbf9767846cb82a17e87bbd9e510ab2238e2ab910732050835ab8461023d6d8	品牌名称与Logo路径规范化单元测试	TEST-024；未覆盖数据库、权限、缓存和前端上传
frontend/app/api/site-logo/route.ts	307edc7488c9b12f45d5a5a6bdfc4066c8964bb9e25e440710209cf452c2aeab	管理员Logo权限转发、魔数识别和Next本地public写入	SEC-019；OPS-008；绕过OSS/图片解码安全且多实例不可共享
frontend/app/site-assets/[fileName]/route.ts	bf27c068046d196b093d4ced8b96cb45d64e63698370c9a1f58966f4c71306a3	哈希Logo本地文件读取和不可变缓存响应	OPS-008；路径正则防穿越但依赖当前实例本地文件
frontend/app/_components/site-brand-provider.tsx	5473c3850a2a22bd100c305cc0a90e92e7a74b6d660026a3bf8dc0514db34144	公开品牌加载、Context和客户端文档标题同步	BUG-049；MutationObserver持续覆盖页面级metadata标题
backend/internal/httpapi/log_handlers.go	d6d4ce70ec3141dd4f21e4c0f849232db79a61d18ea51e2524a26fbdc27780ed	运行日志读取、API访问日志、后台审计日志查询与保留配置	BUG-051/052/053/054；SEC-020；PERF-032/033；LEGACY-010；ARCH-013
backend/internal/httpapi/log_handlers_test.go	81a6fc228b9d5e8f08fd06bf74daf3abeabbb5cd2e8b70ebd55da558d86f9b76	日志保留类别纯函数测试	TEST-025；未覆盖中间件、敏感参数、数据库故障与清理调度
backend/internal/runtimelog/store.go	f565aaa09bbccf7548c105eb0da91a745545ab2a648c2860393cfa68095c2f49	标准库日志的有界进程内环形缓冲	BUG-054；仅捕获log而遗漏slog
backend/internal/runtimelog/store_test.go	be6f512323da979ce54821a9a5edecbf8b1018bae3a220ae17fded19052db426	运行日志环形缓冲与级别推断测试	TEST-025；未覆盖slog和完整HTTP链
backend/internal/querycache/cache_test.go	9e7b91e5fbe096771d5da90adaa86844706cb90b643360ff545a307527fb70cc	本地缓存、固定窗口限流、游客Presence和节流基础测试	SEC-017测试缺口延续；未覆盖游客集合容量和Redis故障多实例放大
backend/internal/querycache/shared_version_test.go	a9803b17977c197a9f8f3d6b05d4031ac6a8edd42b458c9917c1a2d0960be5d6	跨实例permission version指针与无Redis权威回源测试	无新增问题；验证不使用进程本地权限版本
backend/internal/querycache/state_test.go	6e2b6adc5be563088055442af877dfd8b423f42df4684e3946db5f0cca5f8475	多Session Presence、未读缓存校准和命名空间测试	TEST-022既有缺口；未覆盖端点伪造、Redis失败和多实例漂移
backend/internal/systemactor/autobot.go	7c17f275a6685982ceec2aba6fc8621e4138f53ba762665daadf77bcdc49bda6	autobot权威用户名和邮箱常量	无新增问题；避免各自动化模块重复硬编码身份
backend/internal/queue/events.go	42045ed340fc8d5331d84a1ae6e358b98621b4ae2253449fcbf2a6a490968140	队列事件Envelope、上下文事件ID和Payload解包	LEGACY-011；保留裸JSON双协议兼容
backend/internal/queue/events_test.go	766273869ad0c58168d6c0b889945996c537f47dc034e648f867876ffc54c8a0	Envelope往返、裸Payload兼容与随机事件ID测试	LEGACY-011；测试锁定内部旧协议
backend/internal/queue/nats_integration_test.go	2a0cfe8d3675b8e00ed58775cf80b4b3bf80c148655eb3ae53ffea844fca3dbb	JetStream显式ACK重投、消费幂等和死信集成测试	TEST-026；默认环境变量门控，未覆盖发布侧故障/重连
backend/internal/queue/nats_test.go	236b1dccbf569bf48d0ca657940e5d86177bc195a46a1af5ab00ea80cea56c3c	NATS配置默认任务、限制和去重单元测试	无新增问题；未验证运行连接
backend/internal/queue/outbox.go	adfb1498a404491ad9e102feed187d8c7ebcfea54d32a0f64fc85cbbafcb7f8f	事务Outbox入队、SKIP LOCKED领取、发布重试和死信	OPS-009；失败状态持久化错误被忽略且指标提前成功
backend/internal/queue/outbox_integration_test.go	20cbd03df8a6fb4e9b0d7804302cc77665af0d299bfdf784235427b53ae04d71	Outbox回滚、成功发布和消费者死信集成测试	TEST-026；未隔离通用claim且缺发布失败/并发/租约恢复
backend/internal/database/database.go	43bdac509995c47ac3ca3425794b4874739a6bb80c937dbf84082ccf6e776106	PostgreSQL主连接池、活动连接池与会话超时配置	BUG-055；连接未固定UTC时区，日桶口径依赖数据库会话时区
backend/internal/database/settings.go	56811ebc1c20b71a32bbd67e7e0bf4bace854846961f62e33b9289cc76be48e7	站点设置、NATS配置加载与环境默认值合并	LEGACY-012；旧字段缺失回填掩盖保存端字段遗漏
backend/internal/database/draft_schema.go	8ce66b01eb88705cd72f98de271953351000ecd58777689f513a2aa67734240e	用户草稿Schema、所有者隔离与更新时间索引	无新增问题
backend/internal/database/feature_update_schema.go	a12193ec0aa75f9d8dcd823f208b17fad7b2f4d2723bc6c8d974e4da3ffb62fe	合成表版本、评论楼层、日志分享与相关约束	DB-008；DEAD-007；log_shares重复索引及未到达source取值
backend/internal/database/feature_update_schema_test.go	00ac05a80eb032486070def84a78f1c9cbb56eb31f3e2cefa4cb18a85f9f3101	功能更新Schema关键DDL字符串测试	TEST-027；仅覆盖关键字存在性
backend/internal/database/admin_dashboard_schema.go	899e2d1d4c792e92bfeaf3056f074418504438265018197d50bf533386be5e8d	后台总览日统计、计数器、事件批量入库与索引	BUG-055；UTC事件日期与current_date统计口径混用
backend/internal/database/admin_dashboard_schema_test.go	1fa7c8c16c55bae9bb15697bd603d51de853d5d6553f8f6a41cda896c29e672e	后台总览Schema关键结构测试	TEST-027；仅做DDL字符串断言
backend/internal/database/content_metrics_schema.go	2c9629e99f4452deae9bb55502934015bd131e1a9751267dc1a21db9cb38d44b	内容指标累计表、日表、刷新队列和原子领取函数	无新增问题；并发重新入队通过attempts与locked_at保护
backend/internal/database/content_metrics_schema_test.go	a23283bd0c8f15f894570176c2b7c45794f17be6ebf99452a8edbae6ed9d1c08	内容指标Schema关键DDL测试	TEST-027；未执行真实并发和查询计划
backend/internal/database/changelog_schema_test.go	aa7112840be365c2ddf5386025a896d86808b2342a4eb2375957451594136403	更新日志Schema关键字段与索引测试	TEST-027；仅字符串检查
backend/internal/database/migrator_test.go	411bc4a0d18debe5edca2643a69f4e5af6c152433881e6b0bab194b57391e3f5	迁移器默认配置单元测试	TEST-027；未覆盖执行、锁与失败恢复
backend/internal/database/autobot_seed_test.go	4f02418e251bf5565d3324def189764dd3590835a1696b4ff06ee7a2ea2343cf	autobot种子与高限流/RBAC语义字符串测试	TEST-027；未验证数据库约束和幂等执行
backend/internal/database/schema_quality_integration_test.go	c06a272ccd53d93577a3f18034138a07645b23ad5b7e8b27e06c84be2473edb7	外键列索引覆盖集成测试	DB-008；TEST-027；错误排除部分索引导致强制冗余索引
backend/internal/database/internal_identity_schema_test.go	84654cc2589d59e2b5affc6cfba0067ecbfcf7e38adcb8c4a455e7143fbfca25	内部身份与权限关系Schema语义测试	TEST-027；覆盖范围为选定DDL片段
backend/internal/httpapi/nats_handlers.go	8fd99458497929a941e81defb6739bed5da2499a7a8cf67a17d42b0ee7a79c42	管理员NATS配置读取、保存和运行时重配置	BUG-056；保存遗漏关键开关且重配置失败仍报告成功
backend/internal/database/rating_schema.go	40200f6b62ef58a6e7837fa1acc86128980727989f788d7ab2e1333cc50624b0	评分、浏览、热度累计、趋势事件与刷新触发器	BUG-055/057；PERF-034/035；MAP-007；DEAD-008
backend/internal/database/rating_schema_integration_test.go	8d43f06ed1f4979a3eff4c6bed65def9a71ae9801b1b4323e248fea852d3a36f	空项目热度刷新数据库集成测试	TEST-028；只证明空项目可生成统计行
backend/internal/database/search_schema.go	a85cf9e533fa0adbfa8144a17d027ce398c7810e3d593433827e7efd1456e3ef	Typesense持久投影队列与业务表触发入队	无新增独立问题；数据库队列为事实来源且更新可合并
backend/internal/database/activity_schema_test.go	e562ec01899c68d0a3010aeb9adeaa7434cdc407188dde72cfc045349215bd4d	活动、贡献、收藏、搜索和热度DDL字符串测试	TEST-028；公式/列名存在性不能验证行为和规模
backend/internal/database/comment_schema.go	dfb235edc76a24b288b566d39d2bc199b042a63972e7df656cf20d75ebdd8f13	树评论、闭包、反应、关注与热度刷新队列Schema	无新增独立问题；楼层约束由feature_update扩展
backend/internal/database/skin_schema.go	d784753b89b23183b55e64ea42cb6ce3826a96b430d8cb4f5f3df96574be90be	Yggdrasil账号/Token、皮肤资产、衣柜与玩家档案Schema	无新增独立问题；软删除路由生命周期待Handler交叉确认
backend/internal/database/community_post_schema.go	8b25af8d2e02f6250df677273c874c92a5f44302f006824f37db629233f2f547	教程/问题/新闻/讨论、悬赏、引用与翻译Schema	无新增独立问题；accepted_comment归属由Handler继续核对
backend/internal/database/community_schema.go	a6909dd4e988ed40b8c4fd2c666ca2c1ab1b5875e411b22cdacc1e85bc49f91d	作者团队、认领、活动、经济、商城、经验与任务Schema	无新增独立问题；作者/团队权限关系符合当前模型
backend/internal/database/governance_automation_schema.go	b45c492ba974f2d04c1cfcf9c0878a30abfcd7a9a79998e02b9c5eabd94fd6b4	举报、封禁、站务、爬虫和项目自动更新Schema	无新增独立问题；重新审查变化后版本
backend/internal/database/migrator.go	b177f6f2453d9f62ec37d77fd9b04216ea6352dbcff925398135ba4702db3903	generation 85空库安装、开发重置、外键索引补齐与修订历史Schema	DB-008；部分索引被错误排除；开发重置调用方有配置防护
backend/internal/database/seeds.go	f41f2fd63c2df560550fb539a2b862e8eeb4deea3484dc66ef40f5c2122c50c8	权限、角色、默认用户与autobot种子	SEC-021；每次启动覆盖默认账号安全状态
backend/internal/httpapi/content_metrics_handlers.go	7b4c3bc046c88e801690fd095062783f80cda5dedf97b5ae88c2572f49d23a70	公开内容统计、浏览写入、近期访问者与项目关系展示	SEC-022/023；公开近期访问者绕过隐私；任意pageKey且明确绕过反滥用
backend/internal/httpapi/popularity_worker.go	7590f305ef3159ce84ae4c2b622ccb4fd7cc85e0f6ed00e122e22c5b2d57a6fa	热度和评论热度持久队列轮询、时间衰减入队及站点统计刷新	OPS-010；失败无限重试无终止状态；PERF-034
backend/internal/httpapi/admin_dashboard_handlers.go	cc48fe9470eda181352af0e3e0aec683e2112a998a1ada6144a8782052ad731e	后台总览、OSS统计、项目列表与项目趋势	PERF-036；深OFFSET、精确COUNT与前后通配搜索
backend/internal/httpapi/admin_dashboard_integration_test.go	60ce53935b36d0dbc920af96ccd9cb9cb2f2ec843bc25e3974b83a235a0b3089	后台总览及混放的表情、导出租约和通知翻译数据库集成测试	TEST-029；STYLE-005
backend/internal/searchindex/schema.go	152c696961085ab9eab1d1b09257b15d9c67c4ec450a4c9a1a865e50610acb2d	Typesense五类集合Schema与投影版本	MAP-008；集合/文档类型注册分散
backend/internal/searchindex/typesense.go	0c26754462965cf3272193f5e02ba826c0487547874617c3006b737473b174b5	Typesense HTTP客户端、别名、批量导入、删除和搜索协议	无新增独立问题；响应有8MiB读取上限且失败降低ready
backend/internal/searchindex/typesense_test.go	12c9d7d41f4f45061e3d6b0100634ff472f64510318742830979bffb2d6069a9	Typesense搜索/分面、批量失败和可用状态单元测试	TEST-030；未覆盖重建与并发代次
backend/internal/searchindex/worker.go	fe95ecc82e7e68c152756e29c9595ec815405e30681e3716ba36589ca5123dd9	搜索集合重建、别名切换、持久队列同步与五类投影加载	BUG-058；OPS-011；PERF-037；MAP-008；DEAD-009
backend/internal/searchindex/worker_integration_test.go	751b0eb1e084af467ccaaf618ee3b55453a2524159faa15483119c3cd77640f1	服务器搜索投影空ID数据库集成测试	TEST-030；仅验证空选择不全表加载
backend/internal/httpapi/search_index.go	38254604b5f501059c055e1980685f6aee7355cf2595114690c42986864cd18c	Typesense各领域查询、可见性过滤与PostgreSQL回退选择	无新增独立问题；公开查询均添加状态/提交者边界
backend/internal/progression/service.go	1bcf41767fe6d352d4b229720ca1a976716b19337918d1db7f615b032515ef40	活动批次驱动任务进度、经验/货币奖励、等级和角色轨道同步	BUG-059/060；ARCH-014；MAP-003
backend/internal/progression/service_test.go	11a804c05c3e8f381641efc587da0f856cdc81973606932c577c1dd0dab4cd18	任务条件匹配与用户时区周期键单元测试	TEST-031；未覆盖数据库奖励、幂等、并发和手工角色保护
backend/internal/httpapi/timezone.go	07563e7e5526da71dc5dc35e6022c59f47d910701112c0b1a30713a5599755ec	IANA用户时区标准化与内置tzdata验证	无新增问题；注册和设置入口复用同一校验
backend/internal/httpapi/timezone_test.go	892876f9cdbf1ae3993641f9231b5e7b396c7e391c9cc777a128d9e9d5fa6999	常用IANA时区与非法路径/Local拒绝测试	无新增问题
backend/internal/httpapi/compression.go	6233331b840d72932dd9e27434c7435b552189b60eab559ef36ac4da76723db5	gzip协商、可压缩响应Writer、Flush和Vary处理	BUG-061；非法q值被当作允许
backend/internal/httpapi/compression_test.go	044b78c2a591f0b6f378782797a257ef812aad5e58c2c2bfd8d77567c7a4e2f1	JSON gzip与二进制跳过测试	TEST-032；q=0只配合二进制测试，未验证协商拒绝
backend/internal/httpapi/resource_versions.go	bc5c121af077e48d5866387d90317471cca89ad7ab5e98485c5e8cb3394b6a66	目录资源批量装饰全部Mod内容版本、详情、名称与OSS文件	DEAD-010；hasManualDetail扫描后未使用；受PERF-010无界调用方影响
backend/internal/httpapi/infrastructure_metrics.go	168ae33cd653d79201e90eee4d8518f515f04e044f3c7b17fb6d41b48f21c65a	管理员基础设施指标、死信列表与事务化重放	ARCH-015；PERF-038；TEST-032
backend/internal/httpapi/mrpack_loader_version.go	b0ea0299e8fec8de9e001c4d2772f4b0c36394a1bb839bf67a2734f2d709fc5f	MRPack三种加载器具体版本解析、稳定版本选择和NeoForge前缀映射	BUG-063；PERF-039；TEST-033
backend/internal/httpapi/mrpack_loader_version_test.go	829d6286f8af703e6ef5f43ad44a33fa033e411c44808439c8fc302b8f3f86bc	Forge/NeoForge加载器版本选择纯函数测试	TEST-033；未覆盖1.21无补丁版本、26.x和非beta预发布
backend/internal/httpapi/minecraft_loader_version_sources.go	236b69f2c4025a49fcba48e3270df9b1e76c06128b906e951c45de5383d1ff37	Minecraft及四类加载器远端目录同步、回退源、解析与排序	BUG-062/064；OPS-012；ARCH-016；MAP-009；PERF-039
backend/internal/httpapi/minecraft_loader_version_sources_live_test.go	071c7bfebe242ef6ed3eba557f3173656c851b9130bd0e568a505faa405daafe	Mojang及四类加载器真实远端来源可用性测试	TEST-033；显式环境开关，未覆盖同步持久化和多实例
backend/internal/httpapi/minecraft_version_handlers.go	7287b763b5ab1f37cd1fc45a29fe72165d0920a4afd1a0121bddec730d9e8479	Minecraft版本公开/后台配置、规范化、默认目录与每日同步调度	BUG-062/064；ARCH-016；OPS-012
backend/internal/httpapi/minecraft_version_handlers_test.go	7bc5f225890b2af7e487701e6f8da52b3ff8eeba7af8e0f2ae1042dfab6f15d7	版本分类、远端解码、解析排序和失败保留纯函数测试	TEST-033；无HTTP/数据库/调度并发测试
backend/internal/httpapi/favorite_modpack_export.go	ff4907af109082d1db4d478616704c940c10d08315aa8da9fe5a58b0c5d8f341	收藏夹MRPack预检、任务创建、权限与反滥用限制	SEC-024；BUG-065/066/067/070/072；PERF-040；TEST-034
backend/internal/httpapi/favorite_modpack_export_query.go	8963d3a98fa7834f07d55e9478c5c8673df99bccb48b96814f1f546e19ffce6f	MRPack任务历史、详情、下载与OSS访问边界	BUG-071；PERF-041；ARCH-018；TEST-034
backend/internal/httpapi/favorite_modpack_export_worker.go	24a0f7d9f072ee859e7c0fa9a128d7b9e495dcc4fc550f75039f330f61b61779	MRPack持久任务租约、Worker生成、过期与OSS生命周期	BUG-066/068/069；OPS-013；ARCH-018；TEST-034
backend/internal/httpapi/mrpack_generator.go	a0c3c735752319491e95ce4f7d29db5f11d4d6d68c68e1dda0087373e3f3950e	规范MRPack根索引、依赖字段、文件路径/哈希/下载源校验	BUG-070；已确认根目录结构、加载器依赖键与文件安全边界
backend/internal/httpapi/mrpack_generator_test.go	a15ba2095b9666d39f3967191bf3fa7ccfe5e74ed7118ffffde020f8686e8b60	MRPack ZIP结构、依赖键与非法文件元数据单元测试	TEST-034；未覆盖完整任务与报告生命周期
backend/internal/httpapi/mrpack_real_integration_test.go	02a6d86d537825f3041bd8dc87d693bfabb6b1a395b51cf67bb5cddcba980f92	显式启用的真实Modrinth文件元数据及MRPack根索引集成测试	TEST-034；默认跳过且只验证根索引
backend/internal/httpapi/modpack_import_worker.go	29d335a5bf528c15ac086bdad53525a96bd6219d264999cdd89c8da619411d6d	Modrinth/CurseForge整合包元数据与索引下载、解析和站内草稿映射	SEC-025；BUG-073/074；ARCH-012；TEST-035
backend/internal/httpapi/blueprint_cache_test.go	6b6672e3e5d4140a8e5a49aeb0f47996842d4e0175c014409dbe5ab7c7f540b0	蓝图公开/私有响应缓存策略测试	TEST-036；覆盖已批准公开缓存与私有no-store，未覆盖转换和任务恢复
backend/internal/httpapi/blueprint_codec_test.go	cdd7963ed2b859b032138543f92cb501b034f26b5c0ee1175a809417b6d264be	蓝图基础NBT往返与空气方块过滤测试	TEST-036；未覆盖恶意调色板、实体保真和各格式边界
backend/internal/httpapi/blueprint_cover_render.go	cef6435c58b8686bed00cd76ea03250ef001de09abec1ed486bb94bc6ee06a3d	蓝图方块集合的等距PNG封面渲染	PERF-042；输入可达数百万方块并排序/建图，缺少共享渲染预算
backend/internal/httpapi/blueprint_cover_render_test.go	13521f36e7c4484989c8fed016d958340fb5022619eb26209a1fa762ef7013d7	蓝图封面尺寸和非空像素基础测试	TEST-036；未覆盖极限规模、超大坐标和资源预算
backend/internal/httpapi/blueprint_codec.go	029bda60b5981fb431ab4089ba4cc78a2945fa392508160905360c090cb952b6	Vanilla/Sponge/Litematic/Legacy蓝图解码、规范文档、转换和材料聚合	SEC-026；BUG-076；PERF-042；TEST-036
backend/internal/httpapi/blueprint_worker.go	60832024569c1e99a1c0c97639b332673ecd88b8dcc24088ec8a23554d2a398a	蓝图规范化/转换Worker、OSS衍生物、材料和通知	BUG-075/076；OPS-014/015；PERF-042；TEST-036
backend/internal/httpapi/blueprint_handlers.go	cb39a6fc4d08d1702804c4ce880875621a0cebd32632ad3b661897c27884f774	蓝图上传绑定、目录详情、材料、编辑审核、转换重试和下载	SEC-027；BUG-077/078；ARCH-019；LEGACY-013；PERF-043；TEST-036
backend/internal/httpapi/oss_handlers.go	cda61952ff055f25dcb4c8fd7860d38d7b8d1a495753bbf76c5860a479db6df6	OSS配置、直传/分片完成、额度、图片与举报证据校验、目录/扫描/下载统计	SEC-028；BUG-079/080；ARCH-020；PERF-044；既有SEC-012/BUG-032证据链
backend/internal/httpapi/oss_access.go	d4c236902ff942344f848dc3a90d52229fe747e66521eebd1eb361d993d5c182	OSS对象访问解析、私有下载、公开内联与栅格重定向	SEC-029；ARCH-021；TEST-037
backend/internal/httpapi/oss_object_paths.go	3f02416ca62d83568420a31fcbe2628c2ac348fc2a2301eb0925023f7090148d	OSS项目、资料、头像及通用资源的权威对象路径生成	无新增Finding；路径分段规范化和遍历防护合理
backend/internal/httpapi/oss_deletion_outbox.go	0c25c8c90b48491489e259bd31d2903ecfb030639f8da8039f7fea07b2bc48d6	OSS删除Outbox、租约领取、重试与文件墓碑生命周期	BUG-081；OPS-016；TEST-037
backend/internal/httpapi/oss_rehome.go	9f8d69ced7bbca52b8d371468ec5e83a27259e81ed0c777cfbf77ec05aeadc2d	模组资料图片对象迁址与旧对象延迟删除	LEGACY-014；OPS-017；TEST-037
backend/internal/httpapi/oss_multipart.go	40225b80889ee68603da7b5f07a23b424a4327659ea6741706bb30b7f3395108	OSS分片会话创建、逐片签名和完成后对象校验	OPS-018；TEST-037
backend/internal/httpapi/oss_file_binding.go	0a24b23adf6551bf56ac3ea920a4478478a51956bac2eeda1569bd3f6ef92035	受信任栅格OSS文件绑定查询与上传者边界	无新增Finding；调用方仍需核对AllowAnyUploader授权来源
backend/internal/httpapi/oss_file_binding_test.go	eb55d3d12741f5e26490d630377b6307ea0fe9facf80e18c5d0f1d1d1da39862	OSS栅格绑定SQL安全条件和上传者约束单元测试	TEST-037；仅验证查询形状，未覆盖真实数据库与跨调用方授权
backend/internal/httpapi/oss_access_test.go	3e7ce36e0662c142cf8505829029add16613ad44c6b48c6e4435cb0592e972b8	OSS访问URL模式及非法配置基础测试	SEC-029；TEST-037；未覆盖ESA链接重放和私有对象外泄边界
backend/internal/httpapi/oss_paths_test.go	52b5b06f0f63a4319854ea5723316e539d8a8d7ec3f8b0da9f0a6d6b042734c9	OSS路径布局、遍历字符和异常公共ID规范化测试	无新增Finding；覆盖核心路径安全分支
backend/internal/httpapi/oss_raster_safety_test.go	ca4959100739b8d52d1a87b2780adc9483905cfcb354d3ad0d930bc19586393e	栅格解码失败关闭和蓝图封面同步测试	SEC-030；TEST-037；未覆盖GIF后续帧与总解码预算
backend/internal/httpapi/mod_resource_image_spec_test.go	5667da5598063cc67f037fbc4b0cdfe0d1be8f85cf4cda15842673c917e92040	模组资料图片类型、尺寸和JPEG拒绝规则测试	无新增Finding；规则覆盖与实现一致
backend/internal/httpapi/oss_deletion_outbox_test.go	86dfa2bb75b57792e3147347667a9affa2c040d378cd5feef1f9acd5b6e52bd9	OSS删除重试退避和错误截断测试	OPS-016；TEST-037；明确验证无限退避上限但未验证终止失败态
backend/internal/httpapi/oss_multipart_test.go	11b264c3d2e3c1a74b09120be2a70ec8a9f223296bde6061b2d08c1309f5b795	OSS分片阈值、旧客户端opt-in和upload ID测试	LEGACY-015；OPS-018；TEST-037
backend/internal/httpapi/comment_handlers.go	78bed5b1008be5a20ce042eb972c55ef2f0bae1270f4adccf47b9470404506e2	评论目标解析、楼层/树、编辑删除、表态插眼、附件和权限注解	SEC-031/032/033；BUG-082/083/084/085；ARCH-022；PERF-045/046；LEGACY-016；TEST-038
backend/internal/httpapi/comment_tree_integration_test.go	577916945c6ae37694527040481ed056624f2823f675dd9ead0abcfd64c25c3a	评论树、楼层、闭包、插眼、拉黑过滤和附件归属数据库集成测试	TEST-038；覆盖核心原子树但未覆盖目标IDOR、无界线程和生命周期故障
backend/internal/httpapi/comment_project_role_test.go	1e4496eca103bfa0b1bd727c0a7404ad1e93b49a5d74c7399ef06aab2247b3ed	评论作者项目身份徽章权限推导测试	无新增Finding；管理员通配符不伪造作者身份的边界正确
backend/internal/httpapi/comment_handlers_test.go	cfd680f78498416366a6ad308ce052635ecfd69c7c33e21d0bcc340d2e75aeda	CY插眼命令、摘要清理和日志附件文件名测试	TEST-038；只有纯函数正常路径
backend/internal/httpapi/comment_idempotency_test.go	f1d46571fe82a0c874c1f84676d5ec4e50e927c324e28b8beeb6a94c16428947	评论幂等事务锁SQL和键作用域测试	TEST-038；未执行并发重复请求验证
backend/internal/httpapi/skin_handlers.go	b0127c1853c398ef41e0eac4cb95e5d7a801020cc966ffe122c1aefdb1772e57	皮肤库、衣柜、玩家档案、纹理装备与启动器凭据/Session管理	SEC-034；BUG-086/087/088；PERF-047/048/049；既有ARCH-021；TEST-039
backend/internal/httpapi/skin_texture.go	95f7a21d5d18062148266679c9569a38703619ea57f6e72b1d4c0e8110ee3fcc	Minecraft PNG纹理解码重编码、内容寻址OSS存储和UUID生成	BUG-088；既有ARCH-021/BUG-081；TEST-039
backend/internal/httpapi/skin_handlers_test.go	cdba60bc8697df66df3e5d3dc4a65f564c2aef63a41a68f2db05729834bf4388	纹理Patch语义、API契约别名清理和路由注册测试	TEST-039；未覆盖权限、审核、私有纹理和生命周期
backend/internal/httpapi/skin_texture_test.go	c83877a87067c38d1b917856b49543bbb2073f5ed4caae0435d50e782de7919d	皮肤/披风PNG规范化、尺寸拒绝、哈希和UUID测试	TEST-039；未覆盖OSS/数据库故障和共享Blob所有权
backend/internal/httpapi/rating_handlers.go	ceb116df38dad779d688cc46fe6c4ec49d39de24113bdc357cf63bbf4f04dac8	评分目标解析、评分增删改、维度校验、汇总和评价列表	MAP-010；PERF-050；LEGACY-017；TEST-040
backend/internal/httpapi/rating_handlers_test.go	a3a84eef2487fe6c9a1efe1737b12e79acea8107c42c5272bcbbbf0543837d9e	评分维度、目标类型别名和请求校验纯函数测试	MAP-010；LEGACY-017；TEST-040；未覆盖数据库、权限、触发器和路由
backend/internal/httpapi/favorite_handlers.go	c64c8bf13a2f39d7df5ccf10cf29e255eb75aa6eda0ab015caa14369d94246f6	收藏夹创建管理、目标成员关系、公开/本人收藏内容装配	SEC-035/036；BUG-089；ARCH-023/024；PERF-051；LEGACY-018；TEST-041
frontend/app/_lib/favorite-api.ts	5d3bc20783c8a5b809119f981a422d763dcf6641924c4d4bc852fe7ab7f9a5be	收藏夹与Modrinth整合包导出API契约和下载辅助	STYLE-006；LEGACY-018；无前端自动化测试
frontend/app/_components/favorite-picker-modal.tsx	0bb7f7a7e0361f4c16d4dfb6952b3e88201adf4afb74400dc8f963844a471d76	收藏夹选择、新建和目标成员关系保存对话框	SEC-036；BUG-089；TEST-041
backend/internal/httpapi/community_post_handlers.go	521e20faad7dc0b29e4762b8f0a3797dc10afd10cf889980199b751946e237d5	教程、问题/特性、新闻和讨论的目录、修订、引用、翻译与可见性	SEC-037；BUG-090/091；ARCH-025；PERF-052/053；TEST-042
backend/internal/httpapi/community_post_bounty_handlers.go	9f3a80f713016223995a93629a7a05b1728438453e5d8f26cb8abc6aed27488c	讨论悬赏冻结、退款、答案接受和自行解决事务	无新增Finding；资产变更与问题状态处于同一事务并使用行锁
backend/internal/httpapi/community_post_handlers_test.go	dc98bd35747b7af9d9c37f64e48e7f089ce21b8ed6505647dc526dccf462755a	社区内容语言启发式、问题必填项、新闻字段清理和悬赏配对测试	BUG-091；TEST-042；未覆盖数据库、权限、并发、审核和资产结算
backend/internal/httpapi/community_post_catalog_test.go	8b62f5346a76eba650e132b297272092bf19c3214f0a8f7b2af71471e6e59868	社区分类、项目类型白名单和项目筛选解析测试	TEST-042；仅覆盖纯函数白名单
backend/internal/httpapi/content_history_handlers.go	9aa8e620df68ebe6cab7a506bb548b649758f778037a30e470aa94f9b05f744f	社区内容与Mod资料资源的人工/导入修订历史和可见性	PERF-054；TEST-043
backend/internal/httpapi/content_locale.go	3e25e840120ffdf8615eb7b4cf7cf1e7060a22ed37aadb690e28fb91d049b05d	内容语言标签规范化、可编辑语言集合与回退解析	BUG-093；TEST-043
backend/internal/httpapi/content_locale_test.go	a1104e2aa10ca22618bff5d43f2843ec1c13e0835fcaf7fc1606c55916f691e3	内容语言规范化、回退和自动翻译判定测试	BUG-093；TEST-043；未覆盖Accept-Language权重
backend/internal/httpapi/content_localization_handlers.go	a8126fd25d47ca7b981f45b970e342d9c2c75f9661ff18248f7853f4a87e54cc	统一内容本地化读取、编辑、AI翻译入队、配额和结果查询	SEC-038；BUG-092/093；ARCH-026；LEGACY-019；OPS-019；TEST-043
backend/internal/httpapi/content_localization_worker.go	ab6ec7d36e5be63fcaec9f09afd8b3069a2463e3ab8387c03aec1d86502a44ba	AI内容翻译结果写入统一修订审核流	TEST-043；消费状态门保证单任务重复投递不重复执行
backend/internal/httpapi/content_review_handlers.go	6fa87894d7357338b9f001ecd2bfa7d0120ae72f959685d5ab425b114da48e3b	各内容聚合的审核批准驳回、基线冲突与发布投影	既有ARCH-002；TEST-043；人工审核路径均在锁内比较基线
backend/internal/httpapi/content_review_store.go	3a63a58ca62fbd93fbc39a53464dd41a14839616bfa0b8d0eba7dff066285d9b	统一内容修订、变更请求、审计事件与JSON差异存储	PERF-055；BUG-090根因边界；TEST-043
backend/internal/httpapi/content_review_store_test.go	c47dbea601c76dffb068a7541ce353cd1b288d3c1001b7200074445fb38fa473	JSON Pointer差异和等价性纯函数测试	PERF-055；TEST-043；未覆盖事务、并发和大快照
backend/internal/httpapi/ai_handlers.go	6b3f316d5001f45c28a08a6a86d2c98d88ca6a555c2a423294c4e37f88b95de7	AI配置、任务创建、Worker状态机、统计与日志	BUG-094；ARCH-026；TEST-043；通用创建入口正确支持Outbox
backend/internal/httpapi/ai_translation.go	d88ecdb7d210a25ad90e892a0587437ae1f0817fbfbe4c58383d38abc2b3eab3	AI供应商请求、提示构造、结果解析、计费和通知翻译持久化	ARCH-026；TEST-043
backend/internal/httpapi/ai_translation_test.go	3476cccb26903bf717bfd0ed674f5bfcb5b666fc52fc054794c48c4b22510e0b	AI任务配置、JSON结果、提示和端点纯函数测试	BUG-094；ARCH-026；TEST-043；未覆盖Worker和供应商故障
backend/internal/httpapi/economy_handlers.go	278ac36dc57f7e197e4c0f759d595ffe8a08e239b21d31757d418f536256c3ff	货币、签到、转账、商店、道具、下载奖励与余额事务	SEC-039；BUG-095/096/097；ARCH-027；TEST-044
backend/internal/httpapi/admin_economy_handlers.go	1a169f6f3eccf710478dd17b706fc6f66f4d020ea9f22f6090a8e7a2a018516d	管理员余额读取和带理由调整	SEC-039；TEST-044；行锁与流水同事务
backend/internal/httpapi/progression_handlers.go	03e7fb51a852526f3b7fdef0d2c4d5aa0507a8fafb3f151cbf137523d68446c3	用户任务、等级配置、任务配置和活动事件后台	SEC-040；ARCH-027；PERF-056；既有BUG-059/060；TEST-044
backend/internal/httpapi/progression_handlers_test.go	6b49902eeb7733cf680f703223fd79371487ec945e52b2d426bd8b9ae5989233	任务条件单一正常路径纯函数测试	TEST-044；未覆盖经济、权限、事务或配置重算
backend/internal/httpapi/sticker_handlers.go	29e142179ae244d471593d608eee7344aa3c68b7af61f5d27bcf2cd14007f73d	表情目录、后台增改删、OSS图片验证和Markdown引用检查	SEC-041；BUG-098/099/100；ARCH-028；PERF-057；TEST-045
backend/internal/httpapi/feature_localization_sticker_test.go	5218ba08510ebee685471bbdac198cdc6d98a24d8ec4be0c8a46939bbff59b17	通知模板、表情code/语言和功能限制混合纯函数测试	TEST-045；未覆盖图片、OSS、权限、生命周期、并发和AST
frontend/app/_lib/sticker-api.ts	bcefbe8cd4cee2731eac9352a2f6219c502a9b106150107c6c705e9061378986	前端表情目录类型、请求缓存与Token构造	BUG-101；DEAD-012
backend/internal/httpapi/site_affairs_handlers.go	48fca4e90ce6b2769e61ce0412e8efde12abbb4d324dac459d4f3a4edf04b5f0	关于本站与站点更新日志公开读取、语言回退和后台写入	BUG-102/103/104；ARCH-029；PERF-058；TEST-046
frontend/app/_lib/site-affairs-api.ts	33a53d7d2a479c88a68212b5e53aec0baefabe67e7f287a4971bd66f9c66dfb1	关于页、站点更新日志和小黑屋公开API类型与请求封装	STYLE-007
backend/internal/httpapi/location_handlers.go	a4f9ee594c67295cd9083e9d254fabea75227cb3aeaf9e8a9025506c677fccdf	可信代理位置头、X-Forwarded-For和客户端IP规范化	无新增Finding；失败关闭且右向左剥离可信跳
backend/internal/httpapi/location_handlers_test.go	5d1cb8432ede20f949ec80e081ff5bb1cd76a7ca53fe7b14bd26ba587a95a7be	位置解析代理头反伪造单元测试	覆盖不可信/可信对端、伪造左侧hop和畸形链
backend/internal/httpapi/unresolved_reference_handlers.go	d1bf040f3755f309dec77a034ea8c4869546f4566cacee018671ea68faa7b0db	两套未解析引用事实的后台合并、过滤、总数和分页	BUG-105/108；PERF-059；TEST-047
frontend/app/_components/admin-unresolved-references.tsx	ba121eee363938dc8ba94b525731d067b6d910178c36da5ff240689831c5c463	未解析引用后台搜索、类型状态筛选和分页表格	BUG-106/107；PERF-059；TEST-047
backend/internal/httpapi/governance_handlers.go	e7cf8c0a6d2556d68000551546612d507e31072819d06e72a2bd4ae55cdbb195	统一举报、证据快照、审核处置、封禁与小黑屋公开/后台边界	SEC-042；BUG-001/109/110/111/112/113；ARCH-030；PERF-060；DEAD-013；TEST-048；扩展LEGACY-001/016
backend/internal/httpapi/governance_handlers_test.go	023f52be751c91eff23917f226abc16c87138226629ecb60171d6d8e5ef10d43	举报原因注册、路由类型规范化、反滥用动作和公开封禁状态纯函数测试	TEST-048；未覆盖数据库、权限、可见性、处置事务、到期和并发
frontend/app/_components/admin-governance-automation-panels.tsx	e155d09abd2b911b8a0f11f5e5ff539df9232f8041be41d941eb7105893d55e2	举报/封禁/站务/爬虫/自动更新后台面板与异步表单状态	BUG-104/110/114/115/116/117/118；ARCH-031；PERF-060；TEST-048
frontend/app/_components/unified-report-dialog.tsx	7800b1c436c3a721bc0e38934417c18e8c1893249d8cab2f957d7219d25c08f8	统一举报对话框、原因加载、OSS证据拖放上传与提交	BUG-113/119；TEST-048
frontend/app/_components/file-drop-zone.tsx	0a4605a79a6fe17e37080580c7258c19973a565c14368adbf002b97ca1cd2b09	通用点击/拖放文件选择、accept过滤与禁用状态	无新增Finding；调用方仍须执行服务端类型和权限校验
backend/internal/httpapi/feature_update_handlers_test.go	687ca74018175ffe4f2ba6c91572d26379829b580c631e9facffd4ebf68ab691	合成表适用版本排序与未知分组纯函数测试	TEST-033；未覆盖绑定写入、并发导入和公开查询
backend/internal/httpapi/review_config_test.go	51b173382691b2762663833f7603bfc152d117495d8ce72b349629e97f9712a7	项目类型审核开关与未知类型失败关闭测试	无新增Finding；未知类型默认要求审核
backend/internal/httpapi/health_test.go	511d657f832c3da7b8ee422c46e763bb206c452a3d7e322dec9c02e4f4f34e12	存活/就绪探针和开发期旧health路由删除回归	无新增Finding
backend/internal/httpapi/review_resolution_integration_test.go	6e62738a839ae0ec9c439062ce735c4a2df6895fc205988eccf7babb4a23a584	审核结论写入的PostgreSQL调用烟雾测试	TEST-009；未验证状态、事件、幂等和权限语义
backend/internal/httpapi/draft_handlers_test.go	2293b9bdf8ea78f3980eaae9cb7acc6f16a55bd130ea5d72213c0bd06882ded8	Markdown草稿DTO规范化、保留权限与Payload边界测试	BUG-003；未区分无记录与数据库故障
backend/internal/httpapi/log_share_handlers_test.go	9fd369a603383dc9b277f485a1101b2d88293288df8600fbc95b2ae59e738f00	日志脱敏、短码、保留期与ZIP基础安全纯函数测试	TEST-037/038；未覆盖权限、配额、到期、下载和完整ZIP/源文件生命周期
backend/internal/httpapi/admin_handlers_test.go	940425d2e24472b0c70bc5a63e91791f6c25d116d270b1448f42142306fa8843	角色模板匹配、变量应用与允许/拒绝优先级纯函数测试	无新增Finding；未覆盖管理HTTP写入、版本失效和并发授权
backend/.env.example	74172e0a2108dd278103ef6459080710913ce411495775ca3097a09ffe978ebc	运行时、数据库、缓存、队列、外部服务与安全限制示例配置	OPS-021；123个示例键均有读取方，遗漏DATABASE_URL和观察器参数
backend/.gitignore	bebc415c8e94f1d2c05da346ea98d376780ff19942c486a1bf9a360321e7fb28	后端本地配置、构建产物和IDE目录排除	DEAD-015
backend/.idea/go.imports.xml	00058097e988c933e94302b4b9c663dc075e8e52fae2edfa995b5df0da75a9e7	GoLand导入设置	DEAD-015
backend/.idea/mcmods-cn-backend.iml	2aa941545ba3743d745acd2b27f23bed251f4383b162f8ae3d57e8332a4309bd	GoLand模块元数据	DEAD-015
backend/.idea/vcs.xml	136f8b0a20e3e16f5b60e8505219c34746e1ec62c68433f4f8ec97eefe3aa038	GoLand VCS映射	DEAD-015
backend/cmd/db-reset/main.go	8be16b2c281c4018be8021e06ba60b834c702b64fc7bf858e0f1bc92f33bb48d	开发数据库显式确认重置入口	无新增问题；环境、库名和确认短语三重保护
backend/cmd/load-observer/main.go	9676d00e71781913e4d4c362da7fc1b6713aad2a690a183e32d84ca4cef6240f	PostgreSQL活动连接定时采样与JSON输出	OPS-021；STYLE-001
backend/go.mod	3f4c4251c39b34ff6062b5da4c4484d04149b36b6007290b4c4f577161eb357d	后端模块、工具链与直接依赖声明	无新增问题
backend/main.go	703ca276af61317544919cedb6fae6203276c2a9f1d398dfbb592258815f52f1	后端主程序到app.Run的唯一入口	无新增问题
backend/load-results/anti-abuse-comment-aggregated.json	d5a7dafe53d6dfb9fd111bdf6e2ab00a53e903e6123c0f2efac101d9a1f53c5e	最终50并发评论反滥用负载结果	TEST-050
backend/load-results/anti-abuse-comment-load.json	ac0771379b275ada91e3bd6b2f970b3e08b14c9024dceac9ded678232e27b8af	反滥用阶梯评论负载原始结果	TEST-050
backend/load-results/anti-abuse-comment-optimized.json	08f534075dd14b791a79df5e5b01a99725397d35520b9ad03af86ae52dd5636c	优化中间态50并发评论负载结果	TEST-050
backend/load-results/anti-abuse-comment-overlap.json	8cb546e951dcdd53199232e92fa6965b4ee1976ad58ae5bc381816f9641856ac	优化前重叠观察窗口评论负载结果	TEST-050
backend/load-results/anti-abuse-comment-peak.json	269b630473a4bdde457ea420338d16abe92302a03fbfb55408d1811f3f77716a	峰值评论反滥用负载结果	TEST-050
backend/load-results/anti-abuse-crawler-load.json	553a120b6d174cf26057c37adbd4a5e4bce5d922628e70236e91c55d38050a4d	爬虫识别与限流负载结果	TEST-050
backend/load-results/anti-abuse-db-metrics-overlap.json	596a6b01f8c31b367d1de8bea96d866785a074138237a64cb420182832cc8347	反滥用重叠阶段数据库活动采样	无新增问题
backend/load-results/anti-abuse-db-metrics-peak.json	631a49fd4d63ae6159159118a26be06385e31bb206b88ed4d7246b33dd1f0bd0	反滥用峰值阶段数据库活动采样	无新增问题
backend/load-results/anti-abuse-db-metrics.json	6523cafaabaf1ccf4acbf146795e0a70b852524e237ee47ac2e1d2b4349b0d8f	反滥用阶梯阶段数据库活动采样	无新增问题
backend/scripts/anti-abuse-query-analysis.sql	afdbede73eeac0e6ff1bd4a6289f7ed2275cc5a14177ed3c6011c086ce645b12	反滥用关键查询计划辅助脚本	TEST-050
backend/scripts/load-test.mjs	b44723ee9acebf5cdace678fd21f62296901fd28097ac3234feb681deade32c2	目录、评论、风控、爬虫和基础设施HTTP负载器	TEST-050
backend/scripts/process-observer.ps1	7e143b13aaf73aabb9ce0e0343bccd4a6ae9066fb3a7be161eb246e5cd1ee3b6	Windows后端进程CPU和工作集峰值观察器	无新增问题
backend/scripts/query-analysis.sql	6fcf3b8e54e24038090ad0922ecab85d135325e1336fc0747043822d23f13fb3	目录、统计、Presence、活动和Outbox查询计划脚本	TEST-050
backend/test-results/load/catalogs-baseline.json	aecd900b36a5a6f2a6a622f0365b4bc0e7f81b9431fb3762597281358365de9d	2并发空数据目录负载结果	TEST-050
backend/test-results/load/catalogs-high.json	a24e3f60dd3a0263612933d270fce5eb90a4bcd33621d9a1069fb1237f93b95b	25并发空数据目录负载结果	TEST-050
backend/test-results/load/catalogs-normal.json	702b78b0a9ab17ca3313b2589d7b02b3ac7a8146329281dc4c99140b839aecc6	10并发空数据目录负载结果	TEST-050
backend/test-results/load/catalogs-peak.json	c109487a4a332e8c7b2505dff0c95c3c4ad839c27a6993f5a54fad58020a2108	50并发空数据目录负载结果	TEST-050
backend/test-results/load/catalogs-sustained.json	9198d36fbedead8b6d20ca037c77649324f42df1e242a0159e6ce241240da2f2	20并发持续空数据目录负载结果	TEST-050
backend/test-results/load/comments-create-idempotent-fixed.json	d87a4a07942962878d4627ffb31c6b1ce903dd733bef92ef639ea8d8333db735	幂等锁修复后评论创建负载结果	无新增问题
backend/test-results/load/comments-create-idempotent.json	302da2da05c4c931e63f1c05d94e2b081dacb9deceb085627f7c48c8d08dcafb	幂等锁修复前缺陷复现结果	TEST-050
backend/test-results/load/comments-create-rate-limit.json	2e993e6255808bfde3f82560f6343405781bc38dccc0ba657de07f3b5141dc59	评论创建限流并发结果	TEST-050
backend/test-results/load/comments-mutation-baseline.json	2468b2e08c532ef43ce1fa685a6b9194d817ae5461c14c8c2b882005e0617075	评论读写5并发基线结果	无新增问题
backend/test-results/load/comments-mutation-high.json	0229c9f5588206e1e6d4f5fc748ca12d6c3c459802fa9711d6349e18f92d1722	评论读写15并发结果	无新增问题
backend/test-results/load/comments-read-baseline.json	2b968696deea14658732e949c22bf21778fff63086a6dca2e3733760ec6c99a0	评论树2并发读取结果	TEST-050
backend/test-results/load/comments-read-high.json	14e1cf67082f9aedf0c190c860786078c1b2066580a294bc38c632b6a9c78be9	评论树10并发读取结果	TEST-050
backend/test-results/load/comments-read-peak.json	1ac0143448010eaa886909639fb656f1b40f3d7cfcd2d213d8c1504eaeef6667	评论树25并发读取结果	TEST-050
backend/test-results/load/comments-read-sustained.json	8cdc6303c803d85711d52fa5fad6cd0e428aef85bf908157fe81515cf122aa68	评论树10并发持续读取结果	TEST-050
backend/test-results/load/mixed-auth-baseline.json	96c18f89580485d4af5f1ac7fc91dec0a9a8174a74e08fe81eb90183cc17404d	认证和后台混合5并发结果	TEST-050
backend/test-results/load/mixed-auth-high.json	72bdf40a726510e6fb45c8604e07277c2c8ae5c6e3b5bfe98871fbd2842667ed	认证和后台混合15并发结果	TEST-050
backend/test-results/load/redis-nats-db-observer.json	c82bb1b9910b0183ceadaedc9947c3f29a0f99a3b33d2e5285937512e9e7f36f	基础设施负载数据库活动采样	无新增问题
backend/test-results/load/redis-nats-infrastructure-no-ready.json	04969ca9f6c1790298435448b59cf1e400decd5f198851e76c64f0b805832e34	去除高频ready后的基础设施峰值结果	TEST-050
backend/test-results/load/redis-nats-infrastructure-normal.json	f51a87687c66a893f1da0d7ee4d43f635c69b20682091308220588f82718fa11	基础设施正常阶梯结果	无新增问题
backend/test-results/load/redis-nats-infrastructure-sustained.json	52483373ebb464acf505b06cc1ba192a263a3936cae6646b7eeb151b3260162b	含ready的基础设施峰值结果	TEST-050
backend/test-results/load/redis-nats-infrastructure.json	beba432feb59647c17795ee2715497372bbc35b6d4b21e33455f9f2f0cb4e660	初始基础设施混合峰值结果	TEST-050
frontend/.gitignore	b0e018c5531a7369cca007a6eb824fdc4c69dc4f95ce251c4bd2f4b7768b6411	前端依赖、构建产物、环境与IDE排除规则	OPS-022
frontend/eslint.config.mjs	870f1adccecf3051cbcd9fd307cef51d7633cf510979c181a81f4b1797273493	Next Core Web Vitals和TypeScript lint配置	无新增问题
frontend/next.config.ts	f68cb3022c7c4cbb60b2c19ef04fcdd6b784d91c2fb5f37fa4525c5c111732fa	安全响应头、Yggdrasil发现头和图片域配置	OPS-022
frontend/package.json	38d73ac85e40fb94de21a25fed156d8b6c05acb3f89266b2de60e26fbfe8159a	前端脚本、运行依赖和安全覆盖版本	TEST-001
frontend/postcss.config.mjs	dfac7ac2d86d326a0e5adb024e7943c181393ed17a5fcb8f0315b24c7da6ddde	Tailwind PostCSS插件配置	无新增问题
frontend/proxy.ts	fbfb0c5ac61a782b0a53aaaaf13d86ed5efa5f21b496a6f402e0cd76845e4dec	全站nonce CSP生成及请求响应传播	SEC-045
frontend/tsconfig.json	0d4093cd13d88b715903a9d8b03b36b60e1f098edb58cc86deb2351ac2632162	严格TypeScript、Bundler解析和Next类型配置	无新增问题
frontend/types/plantuml-encoder.d.ts	0d85e5e6f6676f020530460c844e236ffde1247a17f160090882a22fc5963abc	plantuml-encoder最小模块声明	无新增问题
frontend/app/layout.tsx	41ecc35fe7394747caf24949f365840b5c728085311d7a0d166dca6db9c6dfa1	全站HTML、主题、i18n、品牌和Shell根布局	BUG-123
frontend/app/page.tsx	e0060326bb8fac1f514bb3e8a10d4d58c336285b827cadb481c4d671798cb354	主页到HomePage的服务端路由入口	无新增问题
frontend/app/robots.ts	88fc57c029589682c133b87a4bc361880441368fd771df3067028b61b62c7b80	搜索引擎允许、隐私路由与参数抓取规则	OPS-022
frontend/app/sitemap.ts	83e1b07ba312d07a69ace22086b91b3a48439dea20f1370b95456b881d1c71a1	公共顶级静态路由站点地图	OPS-022
frontend/app/[publicId]/page.tsx	faac40043ee79eb5dcc5de932fa7c6320e144f70327d3d8dc73816880f3d1d23	Next App Router页面入口，向权威页面组件传递路由参数	BUG-124
frontend/app/addons/[siteId]/edit/page.tsx	655b487129f0c00288740d05a0ad53fa7b78862ecc1c45e9328a387f56d4a760	Next App Router页面入口，向权威页面组件传递路由参数	无新增问题
frontend/app/addons/[siteId]/history/page.tsx	2ce2942ea2b1d8c250e5c7d698516984e0c6e59db590d9382c338a8132460f53	Next App Router页面入口，向权威页面组件传递路由参数	无新增问题
frontend/app/addons/[siteId]/page.tsx	da116b08753a8be090bdaa80c7b6be945403745368d90f9989c7ccf02d8559c2	Next App Router页面入口，向权威页面组件传递路由参数	无新增问题
frontend/app/addons/new/page.tsx	52dbc12bbaaf27584297207b0183bfed451ba557e317368645c555deb14fa84f	Next App Router页面入口，向权威页面组件传递路由参数	无新增问题
frontend/app/addons/page.tsx	45df74aa78e851bca59ef6c57dde07e9cf3d8178d66027662b44fbbc2f99aded	Next App Router页面入口，向权威页面组件传递路由参数	无新增问题
frontend/app/admin/global-resources/page.tsx	d27e0f3e3e6ce7d1632988797a2002414046226e025f344cfde0008841eab4b4	Next App Router页面入口，向权威页面组件传递路由参数	无新增问题
frontend/app/admin/page.tsx	71f3662d8032fea717d0e8019ab4377104ef413ee43e6591a7197e871dfa75d8	Next App Router页面入口，向权威页面组件传递路由参数	无新增问题
frontend/app/authors/[publicId]/edit/page.tsx	bd1da38db79de55eafe2e7d47157856a99e05938dc526119d7d4009662cca3a4	Next App Router页面入口，向权威页面组件传递路由参数	无新增问题
frontend/app/authors/[publicId]/page.tsx	772c4efc5428e254c69e289d36a721e795775a93d051ea6c0251c9bbef92e207	Next App Router页面入口，向权威页面组件传递路由参数	无新增问题
frontend/app/authors/new/page.tsx	c49c37b00f4b04466a53ee125915dccf0144e2540aa9bb42690697a9303624e7	Next App Router页面入口，向权威页面组件传递路由参数	无新增问题
frontend/app/authors/page.tsx	8c042b5eaae798debf99e8ba4c5185f6de815bc0473cd8aede81a19602d7e08c	Next App Router页面入口，向权威页面组件传递路由参数	无新增问题
frontend/app/blueprints/[publicId]/edit/page.tsx	4eed69bb3d224c06dba29265451de7f3914dd8c603891c0ea4c55935cb2b65b7	Next App Router页面入口，向权威页面组件传递路由参数	无新增问题
frontend/app/blueprints/[publicId]/page.tsx	fed4fa763e93173d07fa0e11c56e1bd391192f37495f86da6ec66959d8d11041	Next App Router页面入口，向权威页面组件传递路由参数	无新增问题
frontend/app/blueprints/page.tsx	edc0880c024c39731dbbd4d7a95aec76e6a41f166be2f9dd7ba817af868a4c54	Next App Router页面入口，向权威页面组件传递路由参数	无新增问题
frontend/app/blueprints/upload/page.tsx	6192aa391c496fa617e1dc665132c4b97ce3f54fbea55e96fbbf795622a7b9d7	Next App Router页面入口，向权威页面组件传递路由参数	无新增问题
frontend/app/catalog/resources/page.tsx	56baed4366f30faa6463f81c6fb17e90547bb1dbe2d7daef6d9fdee067432fd6	Next App Router页面入口，向权威页面组件传递路由参数	LEGACY-021
frontend/app/changelogs/[id]/edit/page.tsx	803873a3237318e26f4cb920ecd4de27a2ae41f5858db61fda2babeb65d8420a	Next App Router页面入口，向权威页面组件传递路由参数	无新增问题
frontend/app/changelogs/[id]/history/page.tsx	3eb25e0c14f7bea9811ed999d43d8e1f4b4fbcd1b5566599a83625909ad6a1e2	Next App Router页面入口，向权威页面组件传递路由参数	无新增问题
frontend/app/changelogs/[id]/page.tsx	56faa88d6c9936257240435dd2f01c829e06bb2aaab359730021089195f5d5a8	Next App Router页面入口，向权威页面组件传递路由参数	无新增问题
frontend/app/changelogs/new/page.tsx	86a785664b3d161b07e071cf95321cc9de934e2d67c6c19ac9d2413452c767ac	Next App Router页面入口，向权威页面组件传递路由参数	无新增问题
frontend/app/comments/[commentId]/page.tsx	aa96f545ea7acb50c5b8d7086ef910a03966934514643d1e16937499ae242e8b	Next App Router页面入口，向权威页面组件传递路由参数	无新增问题
frontend/app/datapacks/[siteId]/edit/page.tsx	58bf5d5f4ec02319dd86946907dd921af5f469ebcc44ce5731fa7312dfb11bc6	Next App Router页面入口，向权威页面组件传递路由参数	无新增问题
frontend/app/datapacks/[siteId]/history/page.tsx	cdf42d562f66190478c85a61e261e970330db505518260a552d14afa7c25a2c5	Next App Router页面入口，向权威页面组件传递路由参数	无新增问题
frontend/app/datapacks/[siteId]/page.tsx	7a8940761ef5e6fc020aa1cdcd907aaae63a469be6ab32034175f07e0a0fc5ab	Next App Router页面入口，向权威页面组件传递路由参数	无新增问题
frontend/app/datapacks/new/page.tsx	bc77dd2fa0e4ed089e4ede1832f981133dd55d8c309b591c23790cb1835eda23	Next App Router页面入口，向权威页面组件传递路由参数	无新增问题
frontend/app/datapacks/page.tsx	2ca34b04ba20509986dbb468c633c443ebd843b1d124f262e325a75295777d4b	Next App Router页面入口，向权威页面组件传递路由参数	无新增问题
frontend/app/discussions/[id]/edit/page.tsx	c9d662abc4a7aa41d2a42319397850986453f0b34eedd22f3376febc4c4545c7	Next App Router页面入口，向权威页面组件传递路由参数	无新增问题
frontend/app/discussions/[id]/history/page.tsx	d123acdb6ed5d97df43998522dee2ce7aae269c1bec23c40d7e4efcae4640d89	Next App Router页面入口，向权威页面组件传递路由参数	无新增问题
frontend/app/discussions/[id]/page.tsx	9421ef93f6f0904b8485eac02fcc9f7b94bebc542857cb2262dc3924b2ea57b1	Next App Router页面入口，向权威页面组件传递路由参数	无新增问题
frontend/app/discussions/new/page.tsx	201ca8c8666f9677500fb1ac4e338edde0dd91538d76b7a6609e892a6203c39a	Next App Router页面入口，向权威页面组件传递路由参数	无新增问题
frontend/app/discussions/page.tsx	6ca29f95f36b7c5faeb2ee95aee4853b42fc1524f5137f888b7a091c28201a03	Next App Router页面入口，向权威页面组件传递路由参数	无新增问题
frontend/app/issues/[id]/edit/page.tsx	e8cb0449954e182bf11329bf97fb918cd39c0b652d54579c9f89f3c84834bbd5	Next App Router页面入口，向权威页面组件传递路由参数	无新增问题
frontend/app/issues/[id]/history/page.tsx	671b656bbf8a163088b0b5919e9649a03d092b6f18165101d2c8c08bb260d3f6	Next App Router页面入口，向权威页面组件传递路由参数	无新增问题
frontend/app/issues/[id]/page.tsx	9421ef93f6f0904b8485eac02fcc9f7b94bebc542857cb2262dc3924b2ea57b1	Next App Router页面入口，向权威页面组件传递路由参数	无新增问题
frontend/app/issues/new/page.tsx	7dae73d950b11510986355387f7e4afac370218c475c1b885645a849abcc1729	Next App Router页面入口，向权威页面组件传递路由参数	无新增问题
frontend/app/issues/page.tsx	29baffecedf45e055afbf4fa2bcc008cd5a7dc257294a6b2e61fc4b51bb64677	Next App Router页面入口，向权威页面组件传递路由参数	无新增问题
frontend/app/log/s/[code]/page.tsx	3e08559826ece76a0459b78cf6d0818951bfa716440824994257a876dd966807	Next App Router页面入口，向权威页面组件传递路由参数	无新增问题
frontend/app/login/page.tsx	f9753c2539659c90c460128d101087025051b54810de3cdaf33a31d6ab050f31	Next App Router页面入口，向权威页面组件传递路由参数	无新增问题
frontend/app/maps/[siteId]/edit/page.tsx	a71ac8b33f38fdf5f356348a8ed94fbcf6224234f802f3f6396dbbe2d59c25a2	Next App Router页面入口，向权威页面组件传递路由参数	无新增问题
frontend/app/maps/[siteId]/history/page.tsx	e4130e87fa8062f07cacf18af0d48565562a0580d3afa5f37be6d82a34e1d215	Next App Router页面入口，向权威页面组件传递路由参数	无新增问题
frontend/app/maps/[siteId]/page.tsx	afb0a5dca49bbafc7834122b13582972fae98ac94b68d890fe4cad794c853e27	Next App Router页面入口，向权威页面组件传递路由参数	无新增问题
frontend/app/maps/new/page.tsx	4678ece66752ab4a3c80671d45553786fe48823f40b8bb10cf33b71049386d1b	Next App Router页面入口，向权威页面组件传递路由参数	无新增问题
frontend/app/maps/page.tsx	f041ed7dd4d052b419833a5419a313989da5945665a3aa95220d0911155bd6a6	Next App Router页面入口，向权威页面组件传递路由参数	无新增问题
frontend/app/messages/page.tsx	4984cd126249531a5e14040a79dc4d8cc591e77cbee33b2c49d2fea5b9ca0ffd	Next App Router页面入口，向权威页面组件传递路由参数	无新增问题
frontend/app/modpacks/[siteId]/edit/page.tsx	00c64b28a0de1d6da0cb75d936e000b8a9f80c38d5f080384007b1e12760b78a	Next App Router页面入口，向权威页面组件传递路由参数	无新增问题
frontend/app/modpacks/[siteId]/history/page.tsx	288e568fd909fd74810f74ab5597c65c6f0bfa3ee0fd3deef2ef243dee2647e2	Next App Router页面入口，向权威页面组件传递路由参数	无新增问题
frontend/app/modpacks/[siteId]/page.tsx	c27ccc00df033f07b1888367fd97cac32ca1442ba5559d7a7749643c9ce28ddc	Next App Router页面入口，向权威页面组件传递路由参数	无新增问题
frontend/app/modpacks/new/page.tsx	be688f83077cfaa3e5969c665d65cd47b78145b88971796923f4ff5de99e5025	Next App Router页面入口，向权威页面组件传递路由参数	无新增问题
frontend/app/modpacks/page.tsx	e50961e9a64735324549f3a01427700519fda5c04127e44c432443ae20377aef	Next App Router页面入口，向权威页面组件传递路由参数	无新增问题
frontend/app/mods-tag/page.tsx	bb3909d3b851a8aa9d6db927e78c5c22eabbfda371893bc4cffa4ebd6ae6f6ae	Next App Router页面入口，向权威页面组件传递路由参数	无新增问题
frontend/app/mods/[siteId]/compare/page.tsx	50d9ea3ca6b13808c52a2435b2146b48ee35e412ff5f66049f089a3a99dd6a4f	Next App Router页面入口，向权威页面组件传递路由参数	无新增问题
frontend/app/mods/[siteId]/data/edit/page.tsx	c22f18aa5163b9976d42c22b8645d7cc2c9f4a69b2886a2fd68f18188dd7d3e6	Next App Router页面入口，向权威页面组件传递路由参数	无新增问题
frontend/app/mods/[siteId]/data/sections/[sectionId]/arrange/page.tsx	219627073b3c8250c43b0a4fe3b698497ed972b583f4f905c72074ba37cda666	Next App Router页面入口，向权威页面组件传递路由参数	无新增问题
frontend/app/mods/[siteId]/data/sections/[sectionId]/page.tsx	09bd3af1dac0a0dba878915550e0531d8026571ebec23f409d3b1cea42c415df	Next App Router页面入口，向权威页面组件传递路由参数	无新增问题
frontend/app/mods/[siteId]/edit/page.tsx	b4450d414acc5a6ee2e803821177d36c19f5da1611bc0c95873209c9ea5c0dd2	Next App Router页面入口，向权威页面组件传递路由参数	无新增问题
frontend/app/mods/[siteId]/history/page.tsx	938dc460b1180d366f7a149a856256fbf5c82659f70d53f86035f1a0f24a6915	Next App Router页面入口，向权威页面组件传递路由参数	无新增问题
frontend/app/mods/[siteId]/page.tsx	a89df85d8d364e95908f34275821e27981fc073a5694f4ed3a369f0a9f5fb188	Next App Router页面入口，向权威页面组件传递路由参数	无新增问题
frontend/app/mods/[siteId]/resources/[resourceId]/edit/page.tsx	7ce1b20823c5097b9884c82f9cb8adce5270f20371757ada0d6c2d6831717aac	Next App Router页面入口，向权威页面组件传递路由参数	无新增问题
frontend/app/mods/[siteId]/resources/[resourceId]/history/page.tsx	c74bd54a22831d47b4b41fff7d6598cb51b95b23ccca7294e20a9e5fe6deb3b3	Next App Router页面入口，向权威页面组件传递路由参数	无新增问题
frontend/app/mods/[siteId]/resources/[resourceId]/page.tsx	2da19ef3cb1a1491e44f3e63d3e6274c3a76cf77e36b599907ebc5315beb9900	Next App Router页面入口，向权威页面组件传递路由参数	无新增问题
frontend/app/mods/[siteId]/resources/new/page.tsx	371d0b539dd39bf987f5a3c01038b84f34fb07cd457ed0b58ffc0c4db5c0ad95	Next App Router页面入口，向权威页面组件传递路由参数	无新增问题
frontend/app/mods/new/page.tsx	a9a95f656c0dbfc5cc958634a8e326e367918e5258af816474c4fb54566b84bb	Next App Router页面入口，向权威页面组件传递路由参数	无新增问题
frontend/app/mods/page.tsx	c15b7a9e53756768f5d0a2a809d1de15c7df88dedbd0410e28c384c4d0085344	Next App Router页面入口，向权威页面组件传递路由参数	无新增问题
frontend/app/news/[id]/edit/page.tsx	f8fc00dfa16426cc623cade659feb0a2551ac329dab976d32b765d8fad1e93db	Next App Router页面入口，向权威页面组件传递路由参数	无新增问题
frontend/app/news/[id]/history/page.tsx	0b4a5139bfd8072748c4b015184e7566ad5b131bb92e4e724ecd5fc8930a63fa	Next App Router页面入口，向权威页面组件传递路由参数	无新增问题
frontend/app/news/[id]/page.tsx	9421ef93f6f0904b8485eac02fcc9f7b94bebc542857cb2262dc3924b2ea57b1	Next App Router页面入口，向权威页面组件传递路由参数	无新增问题
frontend/app/news/new/page.tsx	e51f0c397104aa7ac7a6238bd0b59940707f0a6b9b1a5ab470398c9a19585ad4	Next App Router页面入口，向权威页面组件传递路由参数	无新增问题
frontend/app/news/page.tsx	9d0e8f26d61123ad4a1902096c7d86e9a0ed8cf7fc71a6ef3ce8f79eb2936e5b	Next App Router页面入口，向权威页面组件传递路由参数	无新增问题
frontend/app/permissions/compare/page.tsx	f563a5df9dfd886ad29e2188ae8ec6d67f30e455a724f119c749af4854d22457	Next App Router页面入口，向权威页面组件传递路由参数	无新增问题
frontend/app/players/[publicId]/page.tsx	be11a35b56d2455f37a876f80823b608bfb63fd2e03fda7c5f24efe9d22d0338	Next App Router页面入口，向权威页面组件传递路由参数	无新增问题
frontend/app/plugins/[siteId]/edit/page.tsx	1cc50ce0fff795e6008fe2f9133b25143d5c23c10baa498f6cae0a3159106554	Next App Router页面入口，向权威页面组件传递路由参数	无新增问题
frontend/app/plugins/[siteId]/history/page.tsx	10c6185605f3dc2bca2a2ba771ff5bb08240b100c241a769e3a3846d0193fe0a	Next App Router页面入口，向权威页面组件传递路由参数	无新增问题
frontend/app/plugins/[siteId]/page.tsx	6399e20adf0b8eca3c0107eb93dbf2070253c5f1bae55fdca02ec854d2e068be	Next App Router页面入口，向权威页面组件传递路由参数	无新增问题
frontend/app/plugins/new/page.tsx	c4d8d0809e395a0da7461f87abbce0d431502d8e53221cfd1b5c9a9ab2281fa7	Next App Router页面入口，向权威页面组件传递路由参数	无新增问题
frontend/app/plugins/page.tsx	a92db74255dc4bfa625e4d30b023772ad3c59d29f804e32d6eaee7ab9905cf0c	Next App Router页面入口，向权威页面组件传递路由参数	无新增问题
frontend/app/recipe-types/page.tsx	cac16473038f70da86d64451a2783efdc2627eca004e9619a8bc817253037b78	Next App Router页面入口，向权威页面组件传递路由参数	无新增问题
frontend/app/resource-packs/[siteId]/edit/page.tsx	a366ac782624c7ab7b5f2c245847d9251dc4bf0a4c6dd88014cd41a42816a6e9	Next App Router页面入口，向权威页面组件传递路由参数	无新增问题
frontend/app/resource-packs/[siteId]/history/page.tsx	e79d822fffa99cfba3b1acd2bf328bc3bf8fd479b830cdcca5ccd2b2b377ef69	Next App Router页面入口，向权威页面组件传递路由参数	无新增问题
frontend/app/resource-packs/[siteId]/page.tsx	49a06e31f25f02dbc64fef8aaf00c22a140f9d5234c343b7b3ac4287430f740c	Next App Router页面入口，向权威页面组件传递路由参数	无新增问题
frontend/app/resource-packs/new/page.tsx	7e3919e6edcfcb8c74bfa2b676fb3ec6f37cc0907c7d6b0e5aa8b42384baa1a0	Next App Router页面入口，向权威页面组件传递路由参数	无新增问题
frontend/app/resource-packs/page.tsx	ce1f553e31cb089ee5d3b25ac224cb0a1ff36105264ac34e78f279751f0c2786	Next App Router页面入口，向权威页面组件传递路由参数	无新增问题
frontend/app/reviews/page.tsx	ee8d8873a4b05b968db71ecd2e77bb98bb508634b086326ac3b1d37e1e91b67a	Next App Router页面入口，向权威页面组件传递路由参数	无新增问题
frontend/app/servers/[serverId]/page.tsx	1ea77815cb221c44b7e8e93b8e2e09eb14a3e1359b8dba6993550d44dea65962	Next App Router页面入口，向权威页面组件传递路由参数	无新增问题
frontend/app/servers/new/page.tsx	790c8b2ba1f3e48c01d39e6e3e0a464249099b7cca95dc7078d6407f0c4c713d	Next App Router页面入口，向权威页面组件传递路由参数	无新增问题
frontend/app/servers/page.tsx	5376fb1feb52c114d4afc23576438acd948830195295f6b42e2fd3f7ab2875a2	Next App Router页面入口，向权威页面组件传递路由参数	无新增问题
frontend/app/shaders/[siteId]/edit/page.tsx	e24dd41cac8c3e9bb018c8c4c5293aef9bf959e56dc6fb837d46df3bbbdaa27d	Next App Router页面入口，向权威页面组件传递路由参数	无新增问题
frontend/app/shaders/[siteId]/history/page.tsx	dff7b66628d099aac1122f25350d7ce3d11da3776d57fce8d4b8a945beba98fa	Next App Router页面入口，向权威页面组件传递路由参数	无新增问题
frontend/app/shaders/[siteId]/page.tsx	87d815d898986a9416710b5857c473e724a193b950f19b6963f826bdaaa5e7b3	Next App Router页面入口，向权威页面组件传递路由参数	无新增问题
frontend/app/shaders/new/page.tsx	1c8ee27f13a180b22b7e7a86a471a5f175c0ee8b54f862384eac7441c060cdb4	Next App Router页面入口，向权威页面组件传递路由参数	无新增问题
frontend/app/shaders/page.tsx	5066a300d354ccb6d4d6a57f31edea9d551355b276f833fe0b8e5754b58e621e	Next App Router页面入口，向权威页面组件传递路由参数	无新增问题
frontend/app/site-affairs/about/page.tsx	dc71e4bcb65dd710aa348542a4e3e144a7691f8a011510fb73d296bad9bfaeac	Next App Router页面入口，向权威页面组件传递路由参数	无新增问题
frontend/app/site-affairs/blackroom/[id]/page.tsx	df17b4ee68ab0a3c7b703401be77810d53afb00eb95e6a75f5a120f6ec80b431	Next App Router页面入口，向权威页面组件传递路由参数	无新增问题
frontend/app/site-affairs/blackroom/page.tsx	3feabcd930c3b38c0e047de336c5ffed03fb272f4c64d3efad42807655049309	Next App Router页面入口，向权威页面组件传递路由参数	无新增问题
frontend/app/site-affairs/changelogs/[id]/page.tsx	96ee128fdc30bd022e3233040ee56af8f9146b7a77188b24b5bef24ade582eff	Next App Router页面入口，向权威页面组件传递路由参数	无新增问题
frontend/app/site-affairs/changelogs/page.tsx	7d0b48452c7a5b14554236f47c389c5e7303c0196058e5e5f668ceab56d2327d	Next App Router页面入口，向权威页面组件传递路由参数	无新增问题
frontend/app/site-affairs/page.tsx	60ac1d001afc1c95166aded7855f340b12fa4370007214971ef53556ae377176	Next App Router页面入口，向权威页面组件传递路由参数	无新增问题
frontend/app/skins/[publicId]/edit/page.tsx	33d8f7aabb221da0472853833ce91117c47d10e8857fe4c609d5e4192ed5d963	Next App Router页面入口，向权威页面组件传递路由参数	无新增问题
frontend/app/skins/[publicId]/page.tsx	252093adbf791c6622f925f49c16998ced142b8e28ed660d87a72774bd2e04da	Next App Router页面入口，向权威页面组件传递路由参数	无新增问题
frontend/app/skins/page.tsx	8b95014ea675cc867e02f337e7097eff5cde0dc9b2141ced85fab29e858a534f	Next App Router页面入口，向权威页面组件传递路由参数	无新增问题
frontend/app/skins/upload/page.tsx	87bb99ef3bc375abf6536c8985c70a26c90dd429a4b3856786aaf0b3b7306c7d	Next App Router页面入口，向权威页面组件传递路由参数	无新增问题
frontend/app/teams/[publicId]/edit/page.tsx	0f51c750602f26de68ce033ed174cd517808278565bbdcbe1c6441e657918de9	Next App Router页面入口，向权威页面组件传递路由参数	无新增问题
frontend/app/teams/[publicId]/page.tsx	c6eb4e041a7f70ee57d4c3ed098fcad3e0c45e2f97395c5419571249d3cb4c91	Next App Router页面入口，向权威页面组件传递路由参数	无新增问题
frontend/app/teams/new/page.tsx	d4f65aea0deabed0e0cc37eb0aa73de63246671c671d56ba0ac65df60412328e	Next App Router页面入口，向权威页面组件传递路由参数	无新增问题
frontend/app/tools/logs/page.tsx	fa934319deeec4d5d5b3b7df186a65d9fb33ed49f3c8677e6fdfd6faccddd79f	Next App Router页面入口，向权威页面组件传递路由参数	无新增问题
frontend/app/tools/page.tsx	075f5fd9e7eb181e84f971bc23c9ab61a6b40c21adbe925a2facd9d14c3081e2	Next App Router页面入口，向权威页面组件传递路由参数	无新增问题
frontend/app/tools/plantuml/page.tsx	a4cebc54b3ba985bec08e93c6b90d40d94e431663ddb12f2df22d9494bded755	Next App Router页面入口，向权威页面组件传递路由参数	无新增问题
frontend/app/tools/playground/page.tsx	8205162307a9db42c685c591a65d3b0f753f182bf0ac5057dd30755098d36508	Next App Router页面入口，向权威页面组件传递路由参数	无新增问题
frontend/app/tutorials/[id]/edit/page.tsx	e98d567e915082448bfe25497bfab7602ee4a3cddf0ba088b02e5107b643bbee	Next App Router页面入口，向权威页面组件传递路由参数	无新增问题
frontend/app/tutorials/[id]/history/page.tsx	9737fdc4d0a08b76d11ec0744fc274d9d15978caa9a0385485069532621d2201	Next App Router页面入口，向权威页面组件传递路由参数	无新增问题
frontend/app/tutorials/[id]/page.tsx	9421ef93f6f0904b8485eac02fcc9f7b94bebc542857cb2262dc3924b2ea57b1	Next App Router页面入口，向权威页面组件传递路由参数	无新增问题
frontend/app/tutorials/new/page.tsx	0a2239d420ddc484c9c40c5c910955e422346a463bce1bda28105bdf55f03415	Next App Router页面入口，向权威页面组件传递路由参数	无新增问题
frontend/app/tutorials/page.tsx	6b92ae18848e8f2b28082959e382812c82d0b370f129ea9a54849859c4167b1b	Next App Router页面入口，向权威页面组件传递路由参数	无新增问题
frontend/app/user/[publicId]/blocked/page.tsx	6d1d1a90a49165fa8c2e443df37f765aad34d4cb36571b223df82880404c2b3b	Next App Router页面入口，向权威页面组件传递路由参数	无新增问题
frontend/app/user/[publicId]/followers/page.tsx	81be2a53e56fb21b825937c0a5cd577839510ebd38a71b27772b86e79744f9e8	Next App Router页面入口，向权威页面组件传递路由参数	无新增问题
frontend/app/user/[publicId]/following/page.tsx	d671a34ebf4a140eaa44d7b4c7cb38b0dbaf1ba77fe27eece3e8a6aec8b022b9	Next App Router页面入口，向权威页面组件传递路由参数	无新增问题
frontend/app/user/[publicId]/page.tsx	bc88db429284d3a25155f49a22c1fda06a5c15489777a8900ce6ed6518600d41	Next App Router页面入口，向权威页面组件传递路由参数	无新增问题
frontend/app/user/page.tsx	65cb2fb4df7444688bb9f5030eea10e85e1927931b1df9bbcdf30902d24200ba	Next App Router页面入口，向权威页面组件传递路由参数	无新增问题
backend/internal/httpapi/mod_localization_publish_integration_test.go	aeefc262d8aa0c7ad7d6227f0c4d74f00b5b11d2a40fa2938056164fba5d35e7	Mod已批准修订发布后本地化投影的PostgreSQL集成测试	TEST-043；成功路径有效，并发、失败和审核边界未覆盖
backend/internal/httpapi/simple_project_import_worker_test.go	14d9e90c6d8a87f873c6640ac7cb0726d2ec72d335e8136379f045cba416da14	简单项目外部导入URL、分类、版本、链接和草稿规范化纯函数测试	待与生产Worker结论合并；未覆盖HTTP、数据库、队列、重试和外部请求边界
backend/internal/httpapi/maintenance_worker.go	b51da75a0e6d4a0ab3bab3d3c0839a354a5b93639370b8192330a841838e1398	举报证据、封禁、日志分享、草稿、Yggdrasil与Presence分批过期清理	BUG-111结论已修正；OPS-020；TEST-048
backend/internal/httpapi/recipe_render_layout.go	3581064e829152ec3a83d3e14bb53e3630203900b6e810303ff68729ef2ee375	合成表导入快照的批量布局/槽位/候选项API装配	ARCH-032；两条集合查询避免了逐合成表N+1
backend/internal/httpapi/draft_handlers.go	a12afa2c5332bec7fc0e9f7422143f0954c1d1543435f1fc28c4cf3375d67f1e	用户草稿保存、恢复、完成状态与清理	SEC-043；PERF-061；BUG-120
backend/internal/httpapi/simple_project_import_worker.go	727cbcd456268c539be669bacb5259460be67ac21b81fb796a3985d3138285bb	简单项目Modrinth/CurseForge导入与结构化草稿映射	ARCH-012；BUG-121；REUSE-004
backend/internal/httpapi/admin_handlers.go	748b27ce9d6b59909bfbbaa6d4f0b36a8f967e2a8b91070de8956200a65b6a85	后台配置、角色/权限目录与用户手工授权	SEC-004/044；BUG-050/122；ARCH-033；PERF-062；TEST-049；LEGACY-020；MAP-011；DEAD-014
frontend/app/_lib/admin-content-attribute-api.ts	696cbe181add4f8b75ee395aa0073904817fdf04d2dd78b66939bfb53205e642	后台资料属性模板API契约	无新增问题
frontend/app/_lib/advancement-graph.ts	4e0cddae3a9aeb4318dcfda22bd1223ad5564d44afdf16f5f2d273583318f2e0	进度树无向连通分组算法	无新增问题
frontend/app/_lib/anti-abuse-api.ts	b950c9ffccc5ea7bc0ff6e78ef97686f93ce090fb655e52a4cb483d29e4ad993	反滥用表单令牌与挑战响应边界	无新增问题
frontend/app/_lib/api-normalizers.ts	a29b8f39a55ac2aee87d50bf3863b4b07aa3f548a8d219b035beb8a4231cf498	目录API通用unknown响应归一化	BUG-125；REUSE-006
frontend/app/_lib/backend-status.ts	7153e3f91c0a28c081f70e6c474746192c3bd143cb26b7aa278f90aca61205ee	后端可用性进程内状态与浏览器事件	无新增问题
frontend/app/_lib/blueprint-api.ts	bfab280c50ebeaabea64a8e0b7c0651a93a611bbe5957a73130611869f6eaee5	蓝图列表、详情、变体和材料API类型	无新增问题
frontend/app/_lib/catalog-editor-api.ts	98afbd913929ef73cea8fa1b1976218e724aee650812d7d952663329de52fae1	Tag与合成类型编辑API及本地化归一化	BUG-125；REUSE-006
frontend/app/_lib/catalog-resource-api.ts	535e40e36a66a78b23db8b1a6e9670b08ba7e2243d2cfdb1332a624e8e585d56	全局资源编辑与受权绑定列表API	BUG-125；REUSE-006
frontend/app/_lib/catalog-resource-identifiers.ts	19a9586374ba62b2e822b35154b32b70cddb98174b252ede84505d675183469e	外部模板资源种类兼容与注册表推导	外部格式边界必须保留
frontend/app/_lib/catalog-sort.ts	aac8c737892e9c6c60f701a9fdf476d83256a75dfc1ba075f64eba269427bd42	目录排序字段、方向及旧参数归一化	LEGACY-005
frontend/app/_lib/catalog-state.ts	84261d5b36c10a95523be962e9aa24389d3e030534620576fcb89c09e9c48472	目录URL状态、偏好和筛选控制Hook	无新增问题
frontend/app/_lib/comment-api.ts	72af701febb1f04adbd4fcd0650116bfc4fe46445ab47b7c1fa06106979d74e3	评论、楼层、回复、表态、插眼与附件API	无新增问题
frontend/app/_lib/community-api.ts	8841bf4d7a64c81395464b2dca7cb24b2448a847765d10c8e9f9da95a9051d8d	作者团队、经济、任务与活动领域类型/显示辅助	无新增问题
frontend/app/_lib/community-post-api.ts	db4611ee9d829a1ab720aa2ff75dd2439333fd2a37f8665056c8319717379cca	教程问题新闻讨论目录与编辑API	无新增问题
frontend/app/_lib/content-history-api.ts	77a8b923e67f4450761aee0926e0c1d46834c15d371d68f0fcd372d768f036c6	内容修订历史API契约	PERF-054
frontend/app/_lib/content-language-api.ts	39952e70504a3f0df0a92202a53d74959dc0766ec31f36cde412e1ccb270c981	用户内容语言偏好API	无新增问题
frontend/app/_lib/content-language.ts	3487fb479394f652b3fdb250405cbdb988970e1d215764353eb9dea394327051	站内内容语言规范化、回退与本地化选择	MAP-012
frontend/app/_lib/content-metrics-api.ts	e4656e7b396cea9860540bc322d529bb9e2cb744921dd39a04ce7f23c2fe8b14	内容统计读取与浏览记录写入API	SEC-022/023
frontend/app/_lib/draft-api.ts	c8cfa95996d0799ba611e1ae86929d2e930b5ba2a6acaa27648470e3a0ea914d	用户草稿保存、完成、读取和恢复URL协议	SEC-043；PERF-061；BUG-120
frontend/app/_lib/drawio.ts	d79641b99914e163a7437f0c6c9f17d504de8e2baa4eddf9a236389a471a12d9	Draw.io跨窗口消息解析边界	无新增问题
frontend/app/_lib/editor-api.ts	945d6c3c85c7229ed59d3f8f03342d2c5e5ab687f9d15dda81035fe91a442fb8	统一内容、目录选择与翻译任务API归一化	BUG-125；REUSE-006
frontend/app/_lib/editor-types.ts	838340d70b847a6c39970d1fc7085b287f1ba5201a99a7af814b2c3e8fcbba23	内容编辑、本地化与目录资源公共类型	无新增问题
frontend/app/_lib/global-catalog-api.ts	9ac07432b763ab0633628fec88bcbd8b72943ce5f670acbee1a6e5905d68a43f	全局Tag、合成类型和合成表公共API聚合	PERF-006/008/010
frontend/app/_lib/i18n-provider.tsx	9576564c0ffedcdb5f6850eec79bd0d627db749b9e12622e3892d25f77b10da2	八语言UI字典、回退和本地覆盖Provider	MAP-012
frontend/app/_lib/log-share-api.ts	bdd44f46c64c055a44b00df52844c40752523507878f7775427eaa6029cdeb6e	日志分享创建、历史、删除和下载API	无新增问题
frontend/app/_lib/loot-table-model.ts	549908f97f48d056f6ec101a822d82ed9f6c655964ecadc4da361b6cf4c4e3f9	战利品表外部格式兼容与条目遍历	外部格式边界必须保留
frontend/app/_lib/markdown-config.ts	dc47a74c818c6618e504779ae9f69ecd1d20b6a0c7499839353f794de5fb9a4f	Markdown功能开关与PlantUML配置归一化	SEC-001
frontend/app/_lib/minecraft-languages.ts	657626b31ec091cec4fea0f1596cb225eedb94473d44ef20bad63a40816d6c62	Minecraft语言元数据与代码规范化	无新增问题
frontend/app/_lib/minecraft-version-api.ts	87e850e0b40243688777c355e4d91ffae228641c4c0e0974598de27e8b065c53	Minecraft版本配置请求去重与进程缓存	无新增问题
frontend/app/_lib/mod-api.ts	65722b1231a88585b4f8c7013664cc2f0ccf13a45f33336c5245a5d227b21b65	Mod后端DTO与目录展示模型转换	无新增问题
frontend/app/_lib/mod-catalog-data.ts	98e926fbbea284158287cea1d1b89113dd73882f3ff03e37c5299a62e92fe7f5	大型项目目录展示模型与Mod筛选枚举	无新增问题
frontend/app/_lib/mod-content-api.ts	7cf5a3c137e0bcaa4a2b3c37aa70dab3a565f11d2987c6b8c241525bd874f943	Mod资料版本、板块、资源与布局API	PERF-064
frontend/app/_lib/mod-export-api.ts	74e20cf4e123f7bad9294b35361f1eedda196b42ef96cbf94ddbbf305fc06850	Mod导出包/嵌入目录上传、确认与任务轮询	PERF-063；REUSE-005
frontend/app/_lib/mod-export-upload-store.ts	fe8449419f88bec7801d21bf34ae0d3fdf9aafcb36099b32c5bf4e3f57a692cd	Mod导入断点任务和文件IndexedDB持久化	SEC-046
frontend/app/_lib/modpack-api.ts	e6c834430f76b86d1bdedeb08989ecb05bf8fc26860bf26605f71e86eec794d8	整合包DTO、目录转换与图标URL	无新增问题
frontend/app/_lib/oss-upload.ts	a45ba0c8fb0f4cb7e390e883b19b360421aafa9571bf88559d6c17967bb3947f	OSS预签名、哈希、单段/分片上传与完成协议	PERF-063
frontend/app/_lib/project-changelog-api.ts	fbb3f735f71e4d73cf65265e7e92f87e1ec4cbf43e30849e88d0cc0d16f4a4df	项目更新日志读取与编辑API	无新增问题
frontend/app/_lib/project-download-api.ts	a54ac10fd616ea8443a2f6ca2763180c0e1c38349ea8fd9b64f390bfeb507779	项目下载文件DTO与OSS上传	PERF-063
frontend/app/_lib/project-follow-api.ts	b9834bc4b1d390df1b7dd70af637b23d3c623b8cd80745ca7fae6c39a5ec6657	项目关注状态、写入与本人列表API	无新增问题
frontend/app/_lib/project-identifiers.ts	4d37ba9a0b97249389374fa6f3af993476d40d4e98cc966405481def7ef64120	项目站点ID输入规范化	无新增问题
frontend/app/_lib/rating-api.ts	a9d385de53b55032b38ab6b1493d27f1c294366142f1a204cd44cf96e40b9e72	评分汇总、明细和增删API	PERF-050；LEGACY-017
frontend/app/_lib/recipe-editor-api.ts	56496c78f594abb32713719615d76712ae0f093a80f660e08bb457fdc173f99c	合成类型/模板/合成表编辑API与unknown响应解析	BUG-125；REUSE-006
frontend/app/_lib/recipe-editor-types.ts	6ce2c2752b78a4b11ac79f264515a9f8326b540ba2e7bdcb7c4cfb3d2acfff3c	合成模板、槽位、绑定与Mutation类型	无新增问题
frontend/app/_lib/resource-picker-loaders.ts	035300f3d3dd92953d41e67e218132918394bb103e790d90a61cce47c33bcb01	Tag资源选择器分页适配	无新增问题
frontend/app/_lib/server-api.ts	834ff7e958f6e0a1dc4ba7ff1f27f7dbfc4205ea3c67a5cbce980021caa0cb3c	服务器目录、探测、提交和历史API类型	无新增问题
frontend/app/_lib/similar-resource-groups.ts	bcf575a7d751c37e2a2b4edd9269d4ade94f5a0691ed422037e4160c59e50f09	相似资料稳定分组算法	无新增问题
frontend/app/_lib/simple-project-api.ts	cf778b58ace385c7c28237d0fab66039639673648f0239374c198cf3b40e8c71	六类简单项目DTO、配置、路径和本地化	无新增问题
frontend/app/_lib/site-notice.ts	50fc98b245ae56b67abc60c67d879d260719a21bc1ab0e0174ef8b25d4521859	全站通知浏览器事件与后端故障抑制	无新增问题
frontend/app/_lib/skin-api.ts	90005cd17d3977d07bf1e22ac7cf05e4500e5a0ab09babd8a0510e5980a505a6	皮肤、衣柜、玩家档案和启动器凭据API	无新增问题
frontend/app/_lib/timezones.ts	f9aa849fbaeca4be87afd86b025b97877933c69a63176ace8e0434c0c86911a7	时区发现、偏移、名称和搜索格式化	无新增问题
frontend/app/_lib/use-auto-draft.ts	3b55bbec78c4d282ed94e4609b8534005920c7a2b3bfba738cc79802eeffd3b1	九类编辑器共享自动草稿恢复与定时保存Hook	BUG-126
frontend/app/_lib/user-api.ts	be38151108574211a963b99ad7d81201625784af40fc676cba62410da825d380	用户公开资料、卡片与短期客户端缓存	无新增问题
frontend/app/_components/anti-abuse-challenge.tsx	a08b83c7b2a8f466d2269acc7c36c28438baa19f33433a80ff14a5434c9b63bd	人机挑战脚本装载与证明提交	STYLE-003
frontend/app/_components/comment-markdown-editor.tsx	0a82954ec38e4e9c8f5d4ecf510200ffe4ec0e6d495f0ea2618ce67c2b6194aa	评论Markdown、表情与OSS附件上传	PERF-063
frontend/app/_components/comment-section.tsx	4736b90afe781e73ecde20f96df4216440978a7703c5aea2e5c48a1bff0a0742	评论树、楼层、反应、关注与附件展示	STYLE-003
frontend/app/_components/community-post-catalog.tsx	9e7da64dc9ade8895454ee90a001b1aef85dfe3e6a57460c48fd162dd61b48af	社区内容目录、筛选与资源关联	LEGACY-005
frontend/app/_components/community-post-detail.tsx	9dd2a4ae60d9d0aded67ab858cf4ee7624d6434cf1936ac4650a574830484cda	社区正文、翻译、悬赏、关注与评论入口	无新增问题
frontend/app/_components/community-post-editor.tsx	c66c78e24b6f8c9167e4ff3f8175645f5889e378210878e9d23607fbbd931820	社区内容编辑、资源选择、封面与草稿	BUG-126
frontend/app/_components/content-history.tsx	82a3ecab4f2e3a8ebd335c4681beb01c8fd75f6b7b59b0ac7d2c686bad81dee6	通用内容修订历史展示	无新增问题
frontend/app/_components/project-changelog-editor.tsx	ad32eb60b289eedde54b417c318b2301ed759cc71e70104c90e0933145f9b2db	多语言更新日志编辑、分类与草稿	BUG-126
frontend/app/_components/project-changelog-entry.tsx	84305b8ca8d0ae7c58882f3121d7574724aadcfea5053c8e7576694ceb4e5ebd	单条更新日志详情与本地化正文	无新增问题
frontend/app/_components/project-changelog-history.tsx	feb4a024986394397edf87056cad0ee023945e98dd9c86955cb61cb6eeaa3919	更新日志历史路由装配	无新增问题
frontend/app/_components/project-changelog.tsx	61fe6e22f61d6267b21d1b09870e026f987f13a7a8ef09a06553c7f5e64387dc	项目更新日志分组、时间线与编辑入口	无新增问题
frontend/app/_components/project-editor-application.tsx	19fc79ff91b74c54eaf74249a1d4e523eaf7f136edd90c71e977faac4429a29b	项目编辑员申请、证明与附件上传	REUSE-007
frontend/app/_components/project-follow-button.tsx	383fb6a4ea3696fa9dba53936cf02fecdc52efccc958ea0fbf79f387315efeb2	项目关注状态与幂等切换	无新增问题
frontend/app/_components/project-follows-panel.tsx	e5ce920628eda273d06d575898a116684f683e4180c467d351397da5e416751a	我的项目关注搜索、筛选与取消	BUG-127
frontend/app/_components/rating-panel.tsx	81a8b652b7f4ac224244cd5ba758345d071697faecd2d8e857563218bed911a0	评分摘要、维度、编辑与评论列表	LEGACY-017
frontend/app/_components/review-edit-lock.tsx	cdbf364c14ad6165f086039c0c249fdcc898e5a31d4a31702464d550a487dc3a	待审变更锁与完成订阅	无新增问题
frontend/app/_components/site-login-panel.tsx	4676a6ab97a299451225389dd92b7d01db3104fe27656f28411fec01745e5fa2	密码、邮件、OAuth登录与注册表单	无新增问题
frontend/app/_components/sticker-picker.tsx	fc442cf7e036ae29384fbb23fc99c93e5e6d8e778e0347016b257a001fba7740	表情包目录、搜索与Markdown令牌插入	无新增问题
frontend/app/_components/user-comment-watches-panel.tsx	092a7bfd7f6240bb713bba93930c896a0888630559dd7ce6f791270d6bc6b722	评论关注、未读与静音管理	BUG-128
frontend/app/_components/catalog-contained-mod-filter.tsx	91311f99d6d8bc84d539ef8efc87faf9c072b02781907e2070cd97138c4c62f8	contained mod catalog filter
frontend/app/_components/catalog-list-ui.tsx	d5e108797f1add3ea803e03312f5642cbed201027a021a9793f3e9363eaa2de8	catalog list filters and pagination
frontend/app/_components/catalog-minecraft-version-filter.tsx	c6544217d0f83280c0f9b8fd84ea96ca08ce9b9dbe38de82308716d72d61db50	catalog Minecraft version URL filter
frontend/app/_components/catalog-resource-icon.tsx	1ed940cf4f612d5a5d763f3cdc8ff7b1a93f118ab41cda8d0256921863ee8c77	PERF-065
frontend/app/_components/minecraft-language-picker.tsx	7286024b1142de019d2bd47915e19463c0e1f3a2a6258f6d78f692a00e35f2ca	Minecraft language picker
frontend/app/_components/minecraft-version-picker.tsx	fe5e2069b172b9e198709d48df495761f4a71ac7fec474edbd524ef9667a5f69	BUG-129, STYLE-003
frontend/app/_components/creator-identity.tsx	bf5d6cff112a0072460efcf7ba4ed8b1f76cd4401627249cc0c7bb541ba385b2	creator identity presentation
frontend/app/_components/creator-catalog.tsx	d3c28bff79a1d9dc54a2911b86244903b39acf042c0ca74caa3e7f20bc9f3658	BUG-130
frontend/app/_components/creator-detail.tsx	306b4170e243a40665c169fd3a70733b5682d3fb95cef8b7afd9e268eaecd416	REUSE-007
frontend/app/_components/creator-picker.tsx	256cbbd0fb263822894cbb3251e1e0e328a681f453fa7396508b68b18d4d9a66	BUG-130
frontend/app/_components/creator-editor.tsx	b3024390e337d664b15c17c7a5b5ada76c6397add28096362b78ac4481681dd3	BUG-131
frontend/app/_components/admin-project-authorship-panel.tsx	d5b006fc6db75b8d6246ca9f8fa435daf419002104bb8a8439c424491214da37	BUG-132
frontend/app/_components/draft-autosave-status.tsx	afcbfcab63bf4cfd209d4ac86b7249422b420febc33cfc8afe3b1ed4894fcbf2	no-new-finding
frontend/app/_components/square-image-crop-dialog.tsx	c7f2fcfbca1ff262d057a099cad1d4ba05bcfc9fab82bc1b814bde43ed8a94bd	no-new-finding
frontend/app/_components/recipe-edit-link.tsx	3117ba390817f6aef2c9e9ac6c06bcfeee7148af13d31ede202bc232777a9b09	no-new-finding
frontend/app/_components/project-editor-fields.tsx	f57625a3e4ffac5ff2d8ea2af3c922943b90353cbce18cba1e8c5175bf7f50da	no-new-finding
frontend/app/_components/page-feedback.tsx	42265147e4a35c06e42268631ccb463685f79d259d6cf2b33b43897ed1b0e76e	no-new-finding
frontend/app/_components/server-submission-page.tsx	a195bb9849ef0d029db2a8cd82f41db32248fd2ab408d825c57f533f6bac3402	no-new-finding
frontend/app/_components/log-share-viewer.tsx	0408835779e9ce9dce64d9699db42f2bd41dded1db7e08b3aa3293f513a95492	PERF-066,STYLE-003
frontend/app/_components/mod-content-manager.tsx	3cc1a63e7f02bc9d9921d3cb337958344285d81e63ff9b5bfe22e53c765f3c4d	no-new-finding
frontend/app/_components/canonical-recipe-card.tsx	6f4d020fb21d2aa10860a2e5722a76545638b68b656b1ef43dcbe38e59cc086e	no-new-finding
frontend/app/_components/rotating-resource.ts	432eead020e3f46986216736027f7ce0bd47a44bd9beae3764907f0bfc36754c	no-new-finding
frontend/app/_components/mod-detail-loader.tsx	77edd21ab57aaddccb119c26b1cc10f24d5753a2656cf483bc17eb4a9247b949	BUG-133
frontend/app/_components/iconfont.tsx	c6652e834f90157d00ab3b2ee9346ba1892eba8a58170154f07828db1b4cab0d	SEC-047
frontend/app/_components/mod-content-section-actions.tsx	f18bb93469e0eb0136bc6f304aef712266cc47e86184d1eb4c22d4795babff53	no-new-finding
frontend/app/_components/theme-provider.tsx	7b1826bc92e563ac7fa20462e71c90a693dea7c557054e486c911deb990d5e7c	no-new-finding
frontend/app/_components/modid-confirmation-card.tsx	cbd2cd94ee39948601be1fec88d7f8a089313f5fd9a2f6e3acc28c539c4b522c	no-new-finding
frontend/app/_components/floating-tooltip.tsx	860e604e64a8729baa8aa16e8991615ce5df90e8765f46d1c10cfc5c319dacf8	no-new-finding
frontend/app/_components/editor/review-status-panel.tsx	8efc520f27a86f8e4a00fc40002b5f387c167e12940a67eb180f5760626219e9	BUG-134
frontend/app/_components/editor/selected-resource-list.tsx	214842dceb61a326e96ea9ab66d1333888085df84cb2c0638496acaf6c28c4bf	no-new-finding
frontend/app/_components/editor/localization-status-badge.tsx	d5a858653f9cc3336b5948438022914b86801b2b8258dd47d580d3d806a39ade	BUG-134
frontend/app/_components/tools-index.tsx	6f70b309f0eaa3876aafab0f5e6d8ae129fbdc61ae32a0941b9c1f3cb7bc6579	no-new-finding
frontend/app/_components/recipe-resource-slot.tsx	029d7682c252ffc3484e00d09c42964f6d8c96fe2bcfdb33626b98418f976cc7	no-new-finding
frontend/app/_components/editor/content-language-switcher.tsx	89395ad384f2a11c8b6f99842caad6b5aeef4782c3d00d73d4b1b24fd8573f6d	no-new-finding
frontend/app/_components/content-metrics-panel.tsx	9f3673139aaa7b6aec0c84d9eca9cdcd61fc693d077c0df1eed4e6cea1c1861b	STYLE-003
frontend/app/_components/simple-project-detail.tsx	e97a3c7dbdbff4e9e15709e164c285268aaca36925fab8fa9b9da9d329685469	BUG-133,BUG-135
frontend/app/_components/localized-asset-editor.tsx	cc13213010f4f6ab753257b5f3e2455acdb35ad115f7a012684af0df0a5950df	BUG-136
frontend/app/_components/content-language-preferences.tsx	d403576d02be037234ff5c62e03a77293e7873d38fbe931a35224fa05949d25f	no-new-finding
frontend/app/_components/modpack-detail.tsx	036383a11862d1e1a6a9f874b115f92994b37d1c8ec1d48cf3fa3cd6058ee1e2	BUG-133,BUG-135
frontend/app/_components/admin-activity-retention-panel.tsx	a0d27ed8bfaf757a1b0a33f36bd9d3285c193c066ffeb0b5ccd2bbf8bb9aafcf	no-new-finding
frontend/app/_components/admin-anti-abuse-panel.tsx	3e638480ed77d4e26ffa328d6f5b25123b85443f5b9f3d979e5c6167e829b524	BUG-137,STYLE-003
frontend/app/_components/admin-content-attribute-panel.tsx	926d6b361aa9d1b39316a8c8a76b50a13b7ea483d2da9fa7bfcc6d21ea99fd31	no-new-finding
frontend/app/_components/admin-dashboard-panel.tsx	a6c759f7cd3406042be19a15e063b7d2fe0d1ac035573497595f64286384d649	BUG-138
frontend/app/_components/admin-mod-panels.tsx	159ecb94d2bd250b2a54586a1548e3921e93cec487ebb47e5a1c78090bc4d30c	PERF-067
frontend/app/_components/admin-server-panels.tsx	795a01ce098f44c9ce73a523781a5a94f92b4fbc1c1b4f4f49e281c834e5a851	BUG-139,PERF-067
frontend/app/_components/admin-sticker-panel.tsx	f27a615685dc1cc00daf9927a5048199a82848db4b93746bc618e3a068411f62	BUG-140
frontend/app/_components/admin-yggdrasil-panel.tsx	ba7e695bfaca1457291f779f6e5b2cceca44a24b0bf4c9568f11aba1bd0d4f04	no-new-finding
frontend/app/_components/aspect-image-crop-dialog.tsx	0702166a481525f64dd042caa4a772e55a233232ae71263bebb2661e4ec276b2	no-new-finding
frontend/app/_components/blueprint-detail.tsx	10c38d792a1cad860be6e2b64e6ddee93a018c41cb4b07a551c769c1fc496fa8	BUG-133-related
frontend/app/_components/blueprint-library.tsx	d0d2989256be96fdb8eb9880f426f2386b596265a559c9acb76f844081934a81	BUG-141
frontend/app/_components/blueprint-upload.tsx	248ec9a79c491d9e89bc9f6d51893f888194072c556549d0ad29867205a84fce	BUG-079-related
frontend/app/_components/blueprint-viewer.tsx	b9e35c7be9de1cc40862c556a54276e731189208369895e64d9166505c7fb493	no-new-finding
frontend/app/_components/skin-detail.tsx	04c314deec5ef7a466554f94f97166c587ac81a6d251a500466f749b1f96a817	no-new-finding
frontend/app/_components/skin-library.tsx	0844d9d424e8cc945abf784e1338a97f3dc59cb7f7cc92a0e9418fc74ce188e5	PERF-048-related
frontend/app/_components/skin-preview.tsx	a68bd590ceb74985ec33d414a931fb3d181869e7069870b7bcdb42d80ea40d1f	no-new-finding
frontend/app/_components/skin-upload.tsx	aee0ecf60ba844c99b5eadbc77eda802525c7dadf4892008f6e1caa6bd886587	BUG-087-related
frontend/components/minecraft-skin/SkinViewerCanvas.tsx	78d97f5da660fad3ebd6cae4fffb9154935cd5d105228d771b5f43bc3c9ab34e	no-new-finding
frontend/app/_components/timezone-picker.tsx	6f336009c7b60e98443615958c27f035cdc6b81cf83dac332c6e5f524a8472ec	no-new-finding
frontend/app/_components/tools-plantuml.tsx	cf45dfd8b31c42f28ab1d6790da5cea86ad11ad53a9a8ab9d479909b8aac15f3	third-party-privacy-boundary-related
frontend/app/_components/user-drafts-panel.tsx	3bea6dd12a32ffd6001247acb46ccad5e17ae3bfc4b14bfdb537df5b01a2147c	SEC-043,PERF-061,BUG-120
frontend/app/_components/user-network-list.tsx	6cb70ea0bcb454fe7fc7d331ccc43ffa40863ff9cc9b69a93b880af86209472e	no-new-finding
frontend/app/_components/user-statistics-panel.tsx	75585b9abd506a05464c575b55e8d918a152cfd47e128ae6bb3eff74d6dc0ee4	no-new-finding
frontend/app/_components/permission-comparison.tsx	d543ac9f6988d1c9d8ee4bedf03aaee782aa834074831e3486ef18416eb57610	no-new-finding
frontend/app/_components/player-profile-detail.tsx	f846f0f70126a916c26b1b3613dfdb74874270613a7630138a03597fec7daaa8	no-new-finding
frontend/app/_components/user-profile.tsx	0e2406834528b43da41293c6e367bf023df374f9fe6527ce2e4e85a29dcfc07b	no-new-finding
frontend/app/_components/user-profile-overview.tsx	c068ad811fb90fed2cd0529366d21d101248667325c67a717d45c7f6b1fae631	PERF-051-related
frontend/app/_components/user-player-profiles-panel.tsx	d125bcd9e481e9c283a0367f89c3d7beb1389f85a2d35473d3bb2b878d0bedf7	PERF-047,PERF-049-related
frontend/app/_components/user-economy-panel.tsx	4bcd3f5ee7372d372c1abecd27a16a37628f4d2bc69a0b212aec1c6c020921d2	SEC-039,BUG-096,BUG-097,PERF-056-related
frontend/app/_components/user-home.tsx	0e9f86d6554da06ac8c9c56149a7e49da00fba12cd49001682c01088f695400c	PERF-051-related
frontend/app/_components/custom-content-template-settings.tsx	a35d90fe7e82e4e3c5be85782ce4bc35c8a35c3f97bc8fd7dc13fbf1d8acd834	no-new-finding
frontend/app/_components/editor/content-translation-control.tsx	d990d20a4fbcba577304ed463e9f894f3a0992ad5ef088604d52c4e8deffa959	SEC-038,BUG-092-related
frontend/app/_components/editor/editor-shell.tsx	fc1f94b40f2a58b938fbcd5bf1a50e4bd34a214ab385455ed368aaf8e546b1eb	no-new-finding
frontend/app/_components/global-recipe-card.tsx	83b5e921e492e9d60786fa4c984dbd12bbc2235ca2a7f3b85b73ec304de6cc1b	BUG-010-related
frontend/app/_components/home-page.tsx	07e29ddd7519c6bb5e3b8de6bb889e60cae93b6b398121b8f1eef3d51dace0d4	no-new-finding
frontend/app/_components/log-share-tool.tsx	29bc837e179e7c81d79a7765674c27d44a52132bb854732b433da5324f4f659a	BUG-142
frontend/app/_components/unified-recipe-card.tsx	bf804ce0fc4c8a7527abc99570ccfed3236461a5655c2ef76a9c344ab200b8c6	BUG-010-related
frontend/app/_components/project-submission-modal.tsx	cf02ff593dbe15323451ab815228dfad1a2ef9fdde091cb3343bf374e81fe6b4	no-new-finding
frontend/app/_components/favorite-modpack-export.tsx	075bb100a3dcee7d325d1a56f7c77d1f3ea98f0d8e40a6f3f6068e6e1b321906	PERF-039,PERF-040,PERF-041-related
frontend/app/_components/catalog-resource-catalog.tsx	b8ff9affac270cb0444c88180fdf46e514e5a96d4f67fbedb695cfd9cb80fd10	no-new-finding
frontend/app/_components/catalog-manual-editors.tsx	c4d3db203cc457bbdfc06fc4929bd0f3524501975586ce836e59dbade21fd81a	BUG-125-related
frontend/app/_components/global-catalog.tsx	bd2afa799313d3682e86c5703a58e7d61d2d236e57ab51c0e73c64f25457f74f	BUG-010,BUG-134-related
frontend/app/_components/mod-catalog-data.tsx	f5614a644231e401f119c963d1ec1ada71ee9574b7b541d41e254f4e36044ab7	SEC-046-related
frontend/app/_components/editor/mod-resource-picker.tsx	9eef93e7be8eb307ab162ee0e22f708164ac663b1c2a8469a3a969e3e2dd6058	BUG-143
frontend/app/_components/editor/resource-picker-dialog.tsx	3d1fe8a8a0df8b8527151a6c9108595de0798a4cf54ccb83c7f88e694d5cf319	PERF-068
frontend/app/_components/editor/loot-table-visual-editor.tsx	976ffae3e72d8288ec0a90056f776834eae60e574f1ac3649c27d75db956020d	no-new-finding
frontend/app/_components/editor/recipe-editor.tsx	c27a9125b0702c3f23f34008d30da83690bc3bfbb893c02b3af4df919c40bbc6	BUG-144
frontend/app/_components/editor/recipe-template-editor.tsx	0c7e0ac4b94941e1ba590e0512f372a92c67ee8fa481e9fba040084fc34a0fc5	no-new-finding
frontend/components/mcmods-exporter/BlockModelCanvas.tsx	bf21e069a1330ced97b16f5ef30810e61bb2e1c79768f59e198dbfbb0dced826	no-new-finding
frontend/components/mcmods-exporter/StructureCanvas.tsx	77e7168580013e978bbdac747af1f046156d4fe6afe0414b2530e8d88373e3f5	PERF-070
frontend/lib/mcmods-exporter/renderer/StructureRenderer.ts	adf0867611720c2d9e8f5bbd91e7f0153251eeaaf3e08f63e745d05902c345c4	PERF-069,PERF-070
frontend/lib/mcmods-exporter/renderer/blueprint.ts	3f45162166eb7bec87ccc772aaf54d2b723d6800d1013bb5189a10e6886f9727	PERF-069
frontend/lib/mcmods-exporter/renderer/httpAssetSource.ts	03cb56a470916652a842af7def8f8be4e962e7f8d8e92fe7764970aff94f5ba0	PERF-070
frontend/lib/mcmods-exporter/renderer/index.ts	a153037530cb8e7dcf03d2660dd24594408175219f8224c4391f822c971c2ce6	no-new-finding
frontend/lib/mcmods-exporter/renderer/minecraftBlockModel.ts	ad5cf58924a274831c06376fce2fd01a8d813321c24f6abb2f97cdb86d4c1f71	PERF-070-related
frontend/lib/mcmods-exporter/renderer/structureScene.ts	bb7904de31d93aa9b7680409495c080a7fb129436ea2830d99cc0eb902740367	PERF-069,PERF-070
frontend/lib/mcmods-exporter/renderer/types.ts	812b09d5042c6aafc7bc10bbdcadc67df3c0cefda7860bc80279ca27a2dbc16f	PERF-070
frontend/app/_components/mod-catalog.tsx	10849f3513a21d405874d515a14d84a2f37a671d43a1e951280d3e1c158e8899	BUG-135-related,PERF-051-existing
frontend/app/_components/mod-content-resource-detail.tsx	05d631af66e4eabcd57102de4aa0bda68ced66f00f7e33fdb90288ebdb5fffd9	BUG-145
frontend/app/_components/mod-content-section-page.tsx	a607519f9e5e58ed49466f82bd5d2a0c7c212c7e0beeb161bc75f838a812bc82	BUG-145
frontend/app/_components/mod-detail.tsx	6584b3938c63e6afabad1ed1d1c88141b6450e252fde19a9365ede278a8a7485	BUG-135
frontend/app/_components/mod-resource-indexes.tsx	f71d2717e8133df888da84e10d9ca668290db4aed9c09b29c3f0a14c4010a492	no-new-finding
frontend/app/_components/modpack-editor.tsx	ac561ff473bce6850c70f07406f44d1679b71743712288cbb606ecf01d133fea	BUG-146
frontend/app/_components/project-downloads.tsx	ae2c4c1b9de5f0e96f16a44adafb66915914369fb2063401f732621b4c720609	PERF-023-existing
frontend/app/_components/server-catalog.tsx	8d3f20a553ed788590b41b5c7d5a42a9b252b91b7b49d37b29d5b28e871eeffe	no-new-finding
frontend/app/_components/server-detail.tsx	50731804f4a8fec4d9785c70adcff6c2dccd8ed3fec74d23adcd26c3a1a8bbcc	no-new-finding
frontend/app/_components/server-submission-wizard.tsx	634033279c5cdbf513e51f4ae5a2e4fc014dae4094531a036e36c9c59f9b1cc8	no-new-finding
frontend/app/_components/simple-project-catalog.tsx	96dc4b66eec63f16d011b9e5d6973a2cdc32a0ca07635f8a34ab2458b6235d95	BUG-147
frontend/app/_components/simple-project-editor.tsx	cb6f3fbc163fff31c9129185f24cf51286644a310267d0eaebf0016dedfd3410	BUG-146
frontend/app/_components/mod-content-workspace.tsx	532925f813feed45b7f0aa3bf728260588157aad749cb301a273ec8da76ff823	no-new-finding
frontend/app/_components/mod-editor.tsx	45a8478e01ee88a7979bcb9b6c082d69d2f376b4deb29b9eb2be151baf936e93	BUG-146
frontend/app/_components/mod-resource-components.tsx	09f85ead3adf3e57a1429ad7db2ba1fc66f9a65770699dfb4a42329e82833a27	no-new-finding
frontend/app/_components/mod-content-layout-editor.tsx	e69268d20a8febe4910a8ae9d8da6f10ad5b82e4c89f6db452d0af295331212c	BUG-148;PERF-071
frontend/app/_components/mod-content-resource-editor.tsx	1a901d370354a61fe6db987effae2e42f6f392ea8d4e6b319708f3eb5b069603	BUG-146
frontend/app/_components/admin-community-panels.tsx	83299010abc6d9f6ebb3e5a42b03f65a5c6978c372e07bc69932a92550648785	作者认领、活动记录、评论管理、经济与任务后台面板；PERF-072；BUG-149；BUG-096
frontend/app/_components/tools-playground.tsx	68eb5f81d39023748c2d745bce6963258838564f64dc577fe4244337f1d0cb41	通用Markdown编辑/预览、媒体与草稿；BUG-150；BUG-151
frontend/app/_locales/de.ts	12e90f5ec9fbb94f880be6f1ac2d0679bf42f8d54078801c6ea8d342a4f913da	德语局部字典与英文回退；无新增问题
frontend/app/_locales/es.ts	4cd725a528e43e4e944dcfab405093182d84cb7c230893f1ec939b4eb5aea97e	西班牙语局部字典与英文回退；无新增问题
frontend/app/_locales/fr.ts	19af71738827138177aad3c6d8604d98ccd2b0fed7bf459772df6d4a2fa9c47f	法语局部字典与英文回退；无新增问题
frontend/app/_locales/ja.ts	ad5f86a95d8cd522b666bea724af0d4a0c649e1e6881fce06bcacaf71ef8d222	日语局部字典与英文回退；无新增问题
frontend/app/_locales/ru.ts	c61a8125dcaee89efa9adbcc09fa1e2c82c251ab1e3508ed596a188c4dfd886f	俄语局部字典与英文回退；无新增问题
frontend/app/_locales/zh-TW.ts	7a8dda76ac356be7e928476a0b169d45f4e50b4ff25067ce87c2a56cdad75545	繁体中文局部字典与简体中文回退；无新增问题
frontend/app/_locales/en-US.ts	74aaf003b422b7a79a0ec10772e828cfba8021a505e602c80de0c412e93a05e4	英文权威界面字典；4641个叶子键与中文占位符对齐；DEAD-016；LEGACY-022；STYLE-009
frontend/app/_locales/zh-CN.ts	3cddc1997216af7c8c0ebee2d960133e0e7e5a320591a7f7aa57e5f9076504ad	简体中文权威界面字典；4641个叶子键与英文占位符对齐；DEAD-016；LEGACY-022；STYLE-009
frontend/app/globals.css	3ca846f820f0cfec575a5ce064446026798eb5148d3739fd6c8e3ee89facd549	全局设计令牌、表单、Markdown/代码/嵌入/表情样式与深色主题；无新增问题
